secucode,total_volume,total_trades,buy_big_threshold,sell_big_threshold,buy_long_threshold,sell_long_threshold,big_buy_non_big_sell,non_big_buy_big_sell,big_buy_big_sell,long_buy_non_long_sell,non_long_buy_long_sell,long_buy_long_sell,VolumeBigOrigin,VolumeBig,VolumeLong,VolumeLongBig,VolumeLongBigSelect,big_order_ratio_buy,big_order_ratio_sell,long_order_ratio_buy,long_order_ratio_sell,BB0_BS0_LB0_LS0,BB0_BS0_LB0_LS1,BB0_BS0_LB1_LS0,BB0_BS0_LB1_LS1,BB0_BS1_LB0_LS0,BB0_BS1_LB0_LS1,BB0_BS1_LB1_LS0,BB0_BS1_LB1_LS1,BB1_BS0_LB0_LS0,BB1_BS0_LB0_LS1,BB1_BS0_LB1_LS0,BB1_BS0_LB1_LS1,BB1_BS1_LB0_LS0,BB1_BS1_LB0_LS1,BB1_BS1_LB1_LS0,BB1_BS1_LB1_LS1,验证_复合因子,验证_传统大单,订单类型总和
000153,6887040,8386,2633.13548417069,3038.3736512750475,0.754835748651475,3.450804752130577,0.21849444754205,0.18738093578663692,0.47251939875476257,0.26590523650218384,0.18157873338909022,0.0044286079360654216,1.350914180838212,0.06664401542607568,0.4563411857634049,0.5229852011894806,0.014833077780875384,0.34164082995468636,0.40496064870021464,0.1904364416885285,0.20426901979489626,0.08654806709413623,0.017336911067744633,0.01772023975466964,0.0,0.12236025926958462,0.05917491404144596,0.00578768237152681,5.808010407954651e-05,0.12144549763033176,0.00932766471517517,0.08722760431186692,0.0004936808846761453,0.21773359817860793,0.09573924356472446,0.15516971006412045,0.0038768469473097296,0.5229852011894806,1.350914180838212,1.0000000000000002
000415,94860777,39533,12743.237304985258,11333.86033677894,0.25829583492538966,-1.4513694022581953,0.23391989504787633,0.18374965450683584,0.47096011030987023,0.0,0.795848425319139,0.20415157468086098,1.3595897701744526,0.05329056075515809,1.204151574680861,1.2574421354360192,0.05846928072284291,0.34831659626135125,0.3378443325829054,0.21564262767814232,1.0,0.0,0.09022765014880703,0.0,0.021142689986610588,0.0,0.17861370669565568,0.0,0.005135947811180167,0.0,0.15405938536640915,0.0,0.07986050968146718,0.0,0.3729476831082672,0.0,0.09801242720160304,1.2574421354360192,1.3595897701744526,1.0
000567,80907700,47411,6859.092421195123,7263.695943850878,-0.6797878468321996,-0.15422946723264674,0.2234289443402791,0.21226186135559408,0.4086513891755667,0.0,0.0,1.0,1.2529935840470066,-0.027039416520306447,2.0,1.9729605834796935,0.08173027783511334,0.35489654299635104,0.31946172829090297,1.0,1.0,0.0,0.0,0.0,0.15565780512856006,0.0,0.0,0.0,0.21226186135559408,0.0,0.0,0.0,0.2234289443402791,0.0,0.0,0.0,0.4086513891755667,1.9729605834796935,1.2529935840470066,1.0
000628,3558144,11156,841.3884592689003,1091.0459884237653,2.5434099548517057,1.2046756879771223,0.21141808763220377,0.20506646161594358,0.40724714907547305,0.22132325167278222,0.2438068835887474,0.03468100223037628,1.2309788473990935,-0.009237400172674326,0.5344921397222822,0.5252547395496079,0.0105641592920354,0.34985657941914666,0.3717282179992829,0.2214951595553962,0.2296522050914306,0.12362849845312612,0.028385585293906036,0.022905200014389525,0.0013490179149579107,0.11116919382689402,0.0890351823872221,0.003400649327289733,0.0014614360745377364,0.09436267896971005,0.007700643931218073,0.10561686092524641,0.0037379038060292107,0.17102849125836392,0.11868547197640118,0.08940054140585654,0.028132644434851427,0.5252547395496079,1.2309788473990935,1.0000000000000002
000729,22368555,41088,2776.95747718983,1875.0298664423772,-0.09313336498682023,-1.0490258927151324,0.21975983696756451,0.15930130488983307,0.44602751496464565,0.0,0.0,1.0,1.271116171786689,0.06696637310724807,2.0,2.066966373107248,0.08920550299292913,0.4146466121495327,0.22332554517133957,1.0,1.0,0.0,0.0,0.0,0.17491134317795673,0.0,0.0,0.0,0.15930130488983307,0.0,0.0,0.0,0.21975983696756451,0.0,0.0,0.0,0.44602751496464565,2.066966373107248,1.271116171786689,1.0
000786,11852009,29722,1281.0752680823302,1416.6464604865068,-1.8158395455814667,-0.3327066095747271,0.197120083185897,0.21658420947874743,0.4169450090697704,0.0,0.0,1.0,1.2475943108041851,0.003240716405125965,2.0,2.003240716405126,0.08338900181395408,0.3283426418141444,0.3892739384967364,1.0,1.0,0.0,0.0,0.0,0.1693506982655852,0.0,0.0,0.0,0.21658420947874743,0.0,0.0,0.0,0.197120083185897,0.0,0.0,0.0,0.4169450090697704,2.003240716405126,1.2475943108041851,1.0
001299,8536537,10957,2324.2349394590474,3214.478182873898,0.2810151000774397,2.9483282128640624,0.21072573105464196,0.20268347691809924,0.41207716899721747,0.3066996605297909,0.2328428963641814,0.02848660996842162,1.237563545967176,-0.0013320389755236972,0.5965157768308156,0.5951837378552919,0.02291547497539107,0.30072100027379756,0.3650634297709227,0.283289221502236,0.22497033859633112,0.10762560977595481,0.026120896564965395,0.03903831260849686,0.0017288040806242625,0.10943032285808636,0.08258489361669727,0.00953442830506094,0.0011338321382546577,0.06908878858019359,0.007433810689275991,0.13102502806465902,0.003178103720513365,0.14582611192337128,0.11670329549324275,0.12710189155157414,0.022445870029029334,0.5951837378552919,1.237563545967176,1.0
001358,508634,2101,585.3637199144467,742.0520393736894,4.9508732107722615,5.360554857321134,0.20689139931660094,0.1797599059441563,0.36365638160248825,0.19444236916918647,0.23592602932560544,0.015728401955040362,1.1139640684657337,-0.022994923658268995,0.4618252024048726,0.43883027874660363,-0.0016388994837152004,0.2874821513564969,0.3155640171346978,0.173726796763446,0.2298905283198477,0.19686847517075146,0.03558550942327882,0.01592500697947837,0.0013133215632458704,0.08126078870071604,0.09607694334236405,0.0005898150733140136,0.0018323588277622024,0.09397720168136617,0.004191619121018257,0.10734634334315048,0.0013762351710660317,0.18179673399733404,0.10007195743894431,0.07058120377324363,0.011206486392966258,0.43883027874660363,1.1139640684657337,1.0
002022,7116301,8240,2816.2618357788297,3274.4083824369136,1.0230521983764183,3.418498810498285,0.22130907616189927,0.20572513725880903,0.43383465651607483,0.23347831970570104,0.14863072823929174,0.004032853585029638,1.294703526452858,0.006800443095366537,0.39017475511505206,0.3969751982104186,-0.00011247416319236647,0.3520631067961165,0.3673543689320388,0.23155339805825242,0.1657766990291262,0.09977051279871382,0.018254005838145407,0.020867863796092942,0.00023874763026465574,0.13885050674500699,0.059159948405779914,0.007588211909529965,0.0001264701984921661,0.12110224117838748,0.006576450321592636,0.09343365324204246,0.0001967314198767028,0.25413483774786927,0.06464032367377377,0.11158859075803568,0.0034709043363961136,0.3969751982104186,1.294703526452858,1.0
002030,9756283,11419,3315.718793906475,3457.7345076189004,0.4013769148468729,1.6742896857436955,0.18014565588144582,0.2071263205464622,0.48123378544882306,0.2596228502186745,0.17436353578509356,0.006002080915446999,1.3497395473255542,0.09396180902091505,0.445990547834662,0.5399523568555771,0.011832108601195768,0.3371573692967861,0.35221998423679834,0.2648217882476574,0.20500919520098082,0.0735052478490015,0.028289769782200866,0.0291068842508976,0.000592336241168896,0.13114953717517214,0.06671649438623295,0.008788797946923024,0.00047149103813409266,0.09527327159329019,0.007998742963893114,0.07645339931201257,0.00042024201224995217,0.26008347646332114,0.07135852865276664,0.14527376870884126,0.0045180116238940585,0.5399523568555771,1.3497395473255542,0.9999999999999999
002046,32143358,59694,2506.8295456738174,2427.158513802591,-1.0603821073816224,-0.14210494021619158,0.21332369816495214,0.2003106209376133,0.37527323685347375,0.0,0.0,1.0,1.164180792809513,-0.03836108224909168,2.0,1.9616389177509084,0.07505464737069475,0.3261801856132945,0.2604114316346702,1.0,1.0,0.0,0.0,0.0,0.2110924440439608,0.0,0.0,0.0,0.2003106209376133,0.0,0.0,0.0,0.21332369816495214,0.0,0.0,0.0,0.37527323685347375,1.9616389177509084,1.164180792809513,1.0
002114,75656056,70334,4034.155683768749,5186.215541799066,-2.1239736463121646,-0.12921766177333716,0.19958280669560677,0.18598487343828762,0.4353861639311465,0.0,0.0,1.0,1.2563400079961875,0.04981848379725207,2.0,2.049818483797252,0.0870772327862293,0.27403531720078483,0.33032388318594136,1.0,1.0,0.0,0.0,0.0,0.17904615593495912,0.0,0.0,0.0,0.18598487343828762,0.0,0.0,0.0,0.19958280669560677,0.0,0.0,0.0,0.4353861639311465,2.049818483797252,1.2563400079961875,1.0
002153,80845837,72839,3755.447096404462,5387.657795867494,-1.3834531834171522,0.23296816098114137,0.21957526396813729,0.19861576793372798,0.4103381476525501,0.7496861712248709,0.0,0.25031382877512914,1.2388673272069655,-0.007852884249315129,1.2503138287751292,1.2424609445258141,0.08206762953051003,0.2974642705144222,0.3530663518170211,1.0,0.2542182072790675,0.0,0.0,0.12883734508185005,0.04263347536373456,0.0,0.0,0.12192552351211355,0.07669024442161444,0.0,0.0,0.20693914023056004,0.012636123737577236,0.0,0.0,0.2919841624003472,0.1183539852522029,1.2424609445258141,1.2388673272069655,0.9999999999999999
002172,15256101,18935,3167.488040562712,4013.6374828912953,-0.24544947871471967,-0.4857440304104301,0.18550604771166632,0.27470977020930837,0.39692979221886376,0.0,0.0,1.0,1.2540754023587022,-0.06328602570211089,2.0,1.9367139742978892,0.07938595844377275,0.3002904673884341,0.39836282017428043,1.0,1.0,0.0,0.0,0.0,0.14285438986016152,0.0,0.0,0.0,0.27470977020930837,0.0,0.0,0.0,0.18550604771166632,0.0,0.0,0.0,0.39692979221886376,1.9367139742978892,1.2540754023587022,1.0
002215,13056336,16163,3417.624234434612,2767.4284913383717,1.0242587247304598,-0.12992892578950643,0.2109654653495437,0.17821998453471172,0.46208216455213774,0.0,0.6988972250714136,0.3011027749285864,1.313349778988531,0.07289671466788233,1.3011027749285864,1.3739994895964687,0.05836246861294012,0.3809936274206521,0.3017385386376292,0.24933490069912764,1.0,0.0,0.12443000854144685,0.0,0.02430237702215997,0.0,0.17026982148743722,0.0,0.007950163047274519,0.0,0.1064109410174493,0.0,0.10455452433209439,0.0,0.29778645402508025,0.0,0.16429571052705752,1.3739994895964687,1.313349778988531,1.0
002448,10420200,15493,2760.319819129997,2649.7791684618674,0.7756685847406644,0.04726933590117621,0.2083261357747452,0.17839388879292145,0.4792326442870578,0.26843054835799696,0.27280666397957815,0.029001362737759353,1.3451853131417821,0.09251261971939118,0.5992399378130937,0.6917525575324849,0.020053357900999977,0.36080810688698123,0.34989995481830505,0.24056025301749176,0.2994255470212354,0.07689871595554788,0.031055066121571565,0.025114681100170823,0.0009788679679852595,0.07270493848486594,0.09880808429780619,0.006228287364925817,0.0006525786453235062,0.09522849849331107,0.006996026947659354,0.10461411489222856,0.0014874954415462275,0.18492927199094067,0.13594748661254102,0.13247346500067178,0.025882420682904358,0.6917525575324849,1.3451853131417821,1.0
002495,87363489,44609,6085.104119972486,12083.060132978455,0.15217761079985875,-0.45921951632146696,0.2072629677141214,0.2269895608221416,0.4528518772870896,0.0,0.7582507722419374,0.24174922775806265,1.3399562831104421,0.018599348750826583,1.2417492277580626,1.260348576508889,0.04661565885950365,0.2553744760026004,0.49559505929296777,0.1862180277522473,1.0,0.0,0.08596778912985034,0.0,0.026927805046797065,0.0,0.2197735829895713,0.0,0.007215977832570309,0.0,0.10899839405452316,0.0,0.09826457365959823,0.0,0.34351100606799256,0.0,0.10934087121909702,1.260348576508889,1.3399562831104421,1.0
002554,40386921,27603,5459.723412957432,8463.917369085078,0.45091088544313807,-1.4221548842572256,0.16696910368581946,0.21292024217444058,0.5090371954821711,0.0,0.789901958606847,0.210098041393153,1.397963736824602,0.12914784962191106,1.210098041393153,1.339245891015064,0.06030329967466448,0.2980110857515487,0.3902836648190414,0.19947107198492917,1.0,0.0,0.09214582116819453,0.0,0.018927637489374344,0.0,0.20752069710884868,0.0,0.005399545065591903,0.0,0.10005127650112272,0.0,0.06691782718469674,0.0,0.3901841638286811,0.0,0.11885303165349,1.339245891015064,1.397963736824602,1.0
002673,17873730,14369,4997.662497214416,6087.242856217019,0.8384979523492864,-1.246214245224122,0.1920600232855705,0.22976507981266361,0.4569332198707265,0.0,0.6946457174859416,0.30535428251405833,1.3356915428396872,0.03510811677249237,1.3053542825140583,1.3404623992865505,0.04670565125466257,0.3707982462245111,0.3414294662119841,0.2556893311991092,1.0,0.0,0.09143698601243277,0.0,0.02980469101860664,0.0,0.22340496359741363,0.0,0.006360116215249978,0.0,0.07899380823141,0.0,0.1130662150541605,0.0,0.30080995964468527,0.0,0.15612326022604123,1.3404623992865505,1.3356915428396872,1.0
002766,8912480,6020,5838.7939499618515,5199.4534021552245,4.521213366211091,1.8730053676372185,0.22695433818645316,0.16961002998043193,0.4933928603486347,0.30314570130872664,0.1220647900472147,0.003927077536218875,1.3833500888641546,0.0968284921817496,0.4330646464283791,0.5298931386101287,0.011347099797138396,0.4186046511627907,0.32906976744186045,0.26578073089701,0.1760797342192691,0.0703905085902016,0.01955684613037,0.020095416763908587,0.0,0.11371088630773926,0.04989632515304382,0.005363265892321778,0.0006395526273270739,0.10152348167962229,0.004375886397501032,0.12067348257724,0.0003814875320898336,0.28523755453027666,0.04823573236629984,0.15701353607525628,0.0029060373768019674,0.5298931386101287,1.3833500888641546,1.0
002803,17615057,29590,2706.8215512943525,1754.9996640264808,0.8902600251024892,-0.21332053403888418,0.19479164898529708,0.17750155449397637,0.4629219195827751,0.0,0.7672813093934354,0.2327186906065646,1.2981370426448238,0.0906287161035017,1.2327186906065646,1.3233474067100663,0.058639424215317607,0.3801622169651909,0.2877661372085164,0.23484285231497126,1.0,0.0,0.1337771430430228,0.0,0.03100773389492864,0.0,0.16972479850618707,0.0,0.00777675598778931,0.0,0.11825633036555033,0.0,0.07653531861974673,0.0,0.3455230374786752,0.0,0.11739888210409992,1.3233474067100663,1.2981370426448238,1.0
002825,18470292,28475,2160.8465034386836,2860.5931530613398,0.08479535962100981,0.3020980683660146,0.22610514224680367,0.19358345823661044,0.44234882697035866,0.2644954394873671,0.2521980161439787,0.022041882174900104,1.3043862544241314,0.022660226486944546,0.560777219981146,0.5834374464680906,0.011230217692281202,0.3384723441615452,0.3842669007901668,0.24161545215100966,0.283441615452151,0.0754061170229469,0.03256407640983694,0.028549954705642987,0.0014424244078003747,0.09338666654539084,0.09372585988353622,0.005038685907077159,0.0014322459006062276,0.09848913054541855,0.012184160380355654,0.11274185594900178,0.0026899953720276866,0.19398274807999788,0.11372391947024985,0.11816494292564514,0.016477216494465815,0.5834374464680906,1.3043862544241314,1.0
002830,2603600,6652,1439.782188559835,1663.0029730705091,0.2545062414514323,2.574532634473503,0.1884698110308803,0.15459363957597172,0.3568904593639576,0.23989860193578122,0.16738362267629436,0.017936703026578585,1.056844369334767,0.013827008757105519,0.4431556306652328,0.4569826394223383,-0.0007681671531725332,0.251052315093205,0.21978352375225496,0.29419723391461217,0.18896572459410704,0.17779228760178215,0.04136580119834076,0.07570287294515286,0.00518512828391458,0.09083576586265171,0.05457827623290828,0.007566446458749424,0.0016131510216623138,0.08595790444000614,0.0049162697803041945,0.0942925180519281,0.0033031187586418805,0.22019511445690582,0.06652327546474113,0.06233676447995084,0.00783530496235981,0.4569826394223383,1.056844369334767,1.0
002920,4324725,16783,672.6195263807899,991.6250925773113,0.933424990755451,1.0000518308065685,0.17754909271687797,0.20914994595032055,0.4015397510824388,0.22717652567504293,0.27670799877448854,0.04292342287659909,1.189778540832076,0.014840712415240265,0.5897313702027296,0.6045720826179699,0.019278127510997813,0.2971459214681523,0.37210272299350533,0.23208008103438002,0.25162366680569626,0.14273716825925348,0.03720467775407685,0.029759117631756933,0.00206024660527548,0.10355155530120412,0.09824578441403789,0.004784119221453388,0.002568487013625144,0.06762811508246189,0.005203105399765303,0.1006482493106498,0.004069622924000948,0.13927521403094995,0.1360544312066085,0.0919850395111828,0.03422506633369752,0.6045720826179699,1.189778540832076,0.9999999999999999
002972,4866536,8484,2291.662691662793,2627.057191427376,2.518454664175905,2.422893400868963,0.18283477200209758,0.14433099847612346,0.4071701103207703,0.23211869798148005,0.13961347455356335,0.015100268445563744,1.1415059911197616,0.08000433984254923,0.40193270942617093,0.48193704926872016,0.007014188326152318,0.23173031588873172,0.23102310231023102,0.20674210278170674,0.17597831211692597,0.19027702661605708,0.037792795532592384,0.03621343805943283,0.0013808589929263854,0.09450500314802973,0.043713639434702634,0.005153563027171688,0.0009587928662194218,0.08377211223753404,0.004228880665837056,0.09312825385448706,0.0017055252442394343,0.24461341701777198,0.05387815892043129,0.09762344304038849,0.011055091342178502,0.48193704926872016,1.1415059911197616,0.9999999999999999
300009,11295736,10829,4046.28781525149,3617.592585317825,2.7742522774826863,0.5435033487494585,0.19160858575306647,0.20627394266296592,0.49566960488453343,0.3257461045477692,0.22048080797922331,0.006307424323656289,1.3892217381850993,0.09778707646850104,0.5588417611743051,0.6566288376428061,0.024753057259836817,0.4287561178317481,0.346200018468926,0.30676886139071013,0.2313232985501893,0.057351995478647874,0.02628195276518502,0.022805065557481158,8.852898120140201e-06,0.10765248054664167,0.0894431314612877,0.008815361832110806,0.00036296882292574824,0.06763445958722832,0.005903023937528285,0.11726132763726065,0.0008097745910492242,0.21482672753683338,0.09885269981522231,0.17686434952091656,0.005125828011561176,0.6566288376428061,1.3892217381850993,0.9999999999999999
300022,8146800,6884,7245.911619821036,4144.464132268217,9.336586015084123,1.079610023796775,0.20949342072961163,0.19998036038690037,0.4648940688368439,0.3033829233564099,0.20455884519074974,0.042752982766239504,1.3392619187902,0.05542028772033192,0.5934477340796387,0.6488680217999706,0.02832766239505081,0.46731551423590934,0.22980825101685068,0.29546775130737946,0.15993608367228357,0.08069426032307163,0.020056954877988902,0.02467226395640006,0.00020867088918348308,0.11837776795797122,0.07302253645603182,0.0065056218392497665,0.002074434133647567,0.08895517258310011,0.0041979673000441895,0.1157019934207296,0.000638287425737713,0.1612780478224579,0.10728138655668483,0.15650304414003044,0.039831590317670744,0.6488680217999706,1.3392619187902,0.9999999999999999
300037,15172866,42342,963.1952924724903,1729.1861058699333,-0.9033649966284716,0.25322341141088245,0.19880265205004777,0.2063981188524304,0.4110843000920195,0.6712570321256379,0.0,0.328742967874362,1.2273693710865172,0.0058835291895413255,1.328742967874362,1.3346264970639035,0.08221686001840392,0.27440838883378205,0.41552123187378964,1.0,0.30532331963535025,0.0,0.0,0.13631913707008286,0.04739579193541945,0.0,0.0,0.1077992120934832,0.09859890675894718,0.0,0.0,0.1788051776111382,0.019997474438909563,0.0,0.0,0.2483335053509337,0.16275079474108584,1.3346264970639035,1.2273693710865172,1.0
300050,10616395,12582,3051.7186201957174,3105.370402576162,1.164442133651987,-0.033981822259817385,0.20929929604164124,0.20842291568842342,0.45005861217484844,0.0,0.7408155970082123,0.2591844029917877,1.3178394360797614,0.03233640044478381,1.2591844029917878,1.2915208034365717,0.05012418999104686,0.3644889524717851,0.3516134159910984,0.2664918137021141,1.0,0.0,0.10270736912106228,0.0,0.02951180697402461,0.0,0.1994376622196141,0.0,0.008985253468809327,0.0,0.11023515986358835,0.0,0.0990641361780529,0.0,0.3284354058039476,0.0,0.12162320637090086,1.2915208034365717,1.3178394360797614,1.0
300115,162561490,320685,2448.244109387966,2057.8536562416202,-0.8992093133194632,-1.4687681229352494,0.20760612491925362,0.212439871214271,0.3873997279429464,0.0,0.0,1.0,1.1948454520194174,-0.0326462681905782,2.0,1.9673537318094219,0.07747994558858928,0.3355535806164928,0.2834682008824859,1.0,1.0,0.0,0.0,0.0,0.192554275923529,0.0,0.0,0.0,0.212439871214271,0.0,0.0,0.0,0.20760612491925362,0.0,0.0,0.0,0.3873997279429464,1.9673537318094219,1.1948454520194174,1.0
300265,11282900,15087,2682.9664142377915,2813.865304438724,0.2112289699634533,0.2145040609262736,0.21819594253250493,0.1747509062386443,0.45478290155899637,0.24914277357771494,0.25575135825009526,0.018257717430802366,1.302512651889142,0.061836052787847096,0.5414095666894149,0.603245619477262,0.007010573522764535,0.36402200570027177,0.3125869954265261,0.27639689799164846,0.27235368197786175,0.08498311604286132,0.030487995107640765,0.036045786101091035,0.0007533524182612626,0.06952556523588793,0.09739056448253552,0.0060476473247126185,0.001787129195508247,0.1058634748158718,0.009817511455388242,0.10168183711634421,0.0008331191449006904,0.21647599464676634,0.11805528720453075,0.10536750303556709,0.014884116672132165,0.603245619477262,1.302512651889142,1.0
300271,33992299,32609,6765.696585794833,3042.1183001442973,0.7398774236417349,-2.278814658780882,0.20673385462983837,0.20445083752646445,0.45637233892300133,0.0,0.7471749704249189,0.25282502957508113,1.3239293700023054,0.04518764676669851,1.2528250295750811,1.2980126763417796,0.05341542800620811,0.4937287251985648,0.21849796068570027,0.2555736146462633,1.0,0.0,0.10577442849628971,0.0,0.02666854042440613,0.0,0.18929519889196078,0.0,0.015155638634503657,0.0,0.1309404815484825,0.0,0.07579337308135586,0.0,0.3211648614881859,0.0,0.13520747743481545,1.2980126763417796,1.3239293700023054,0.9999999999999999
300383,39518155,32963,4947.299033763557,4260.197231990922,-0.14450002919518612,-1.541757828148707,0.20726276315278383,0.21701359792733238,0.4431864544283507,0.0,0.0,1.0,1.3106492699368175,0.018910093348234458,2.0,2.0189100933482345,0.08863729088567014,0.38148833540636473,0.33640748718259866,1.0,1.0,0.0,0.0,0.0,0.13253718449153307,0.0,0.0,0.0,0.21701359792733238,0.0,0.0,0.0,0.20726276315278383,0.0,0.0,0.0,0.4431864544283507,2.0189100933482345,1.3106492699368175,1.0
300436,8188400,30667,626.3834487974207,978.092162984828,-0.3298472413553979,0.4598065734459065,0.15762481070783058,0.25172133750183184,0.3828837135459919,0.7453843241658932,0.0,0.25461567583410677,1.1751135753016462,-0.026462434663670542,1.2546156758341067,1.2281532411704361,0.07657674270919838,0.25512766165585155,0.44363648221214985,1.0,0.2565298203280399,0.0,0.0,0.16479532020907625,0.0429748180352694,0.0,0.0,0.15275206389526647,0.09896927360656539,0.0,0.0,0.14877082213863516,0.008853988569195448,0.0,0.0,0.27906611792291536,0.10381759562307655,1.2281532411704361,1.1751135753016462,1.0
300443,6732250,21627,1171.9316193706168,898.1463509369117,0.4661437611885466,-0.9225792588080268,0.19213754688254298,0.18860975156894055,0.38040506517137657,0.0,0.6905195142782874,0.30948048572171266,1.1415574287942367,-0.00034223328010696275,1.3094804857217128,1.3091382524416058,0.04059777934568681,0.34419938040412446,0.2556526564017201,0.34355204142969437,1.0,0.0,0.17624716848007724,0.0,0.06260046789706264,0.0,0.17741616844294256,0.0,0.011193583125997995,0.0,0.07759664302424896,0.0,0.11454090385829403,0.0,0.2592595343310186,0.0,0.12114553084035798,1.3091382524416058,1.1415574287942367,1.0
300476,33896766,164523,798.0985486456167,695.1909675688751,-1.8669058873832456,-0.6170193662007742,0.252308258551863,0.1691565502148494,0.32671405879841164,0.0,0.0,1.0,1.0748929263635358,-0.0947507499683008,2.0,1.9052492500316993,0.06534281175968233,0.3806580234982343,0.2460750168669426,1.0,1.0,0.0,0.0,0.0,0.2518211324348759,0.0,0.0,0.0,0.1691565502148494,0.0,0.0,0.0,0.252308258551863,0.0,0.0,0.0,0.32671405879841164,1.9052492500316993,1.0748929263635358,1.0
300541,9338299,11503,3521.6633662925587,3005.6126551595507,2.8206940261929843,-0.0391919927449873,0.18704230824050505,0.23730124726141238,0.41495169516418356,0.0,0.6841865954388481,0.31581340456115187,1.2542469458302845,-0.00939186033773387,1.3158134045611518,1.306421544223418,0.038048899483728235,0.3575588976788664,0.30861514387551076,0.2967052073372164,1.0,0.0,0.1236687752234106,0.0,0.03703597411048843,0.0,0.22470719774554232,0.0,0.012594049515870074,0.0,0.08622169840567324,0.0,0.1008206098348318,0.0,0.24958892406422198,0.0,0.16536277109996156,1.306421544223418,1.2542469458302845,1.0
300599,4712047,7306,2036.8932885971744,2401.9388518960786,2.1094678382822094,3.014272045180471,0.17260099485425337,0.2119144821772788,0.47285097113844576,0.2745195453271158,0.1887077951472046,0.012404587645242078,1.3302174193084237,0.0883354941069136,0.48803651576480456,0.5763720098717182,0.02302375167310513,0.2933205584451136,0.3905009581166165,0.20216260607719683,0.179578428688749,0.09693175810852481,0.016478825444652824,0.028511812382177003,0.0007111558946674343,0.13633140756023868,0.0666273065612461,0.008425213076185361,0.0005305549796086499,0.09588274480284259,0.006196882161829031,0.06926925813770533,0.0012521097518764137,0.19522216140883145,0.09940478097947665,0.1683132617310481,0.00991076701908958,0.5763720098717182,1.3302174193084237,1.0
300892,5571963,14622,1164.1498805605008,1126.0237990930048,0.6285970009653115,1.5362053159353,0.20519518884098836,0.17303578649032667,0.3992478054861455,0.2117950173035966,0.2021190736550117,0.021859441636636855,1.176726586303606,0.021016830154830524,0.45763297423188204,0.47864980438671256,0.002454933745970675,0.33620571741211874,0.2871016276843113,0.2581726166051156,0.1752154288059089,0.15333913739197477,0.026001608409818945,0.0403269009503473,0.002853572430398407,0.09448178317049126,0.07056758991400337,0.006514759699588817,0.0014716537062432037,0.10183484707274618,0.006033780195597136,0.09477808808134584,0.0025484734912992065,0.21457069976954263,0.09951609513559224,0.07017526857231464,0.014985742008696038,0.47864980438671256,1.176726586303606,0.9999999999999999
300904,1562200,7793,418.1554682698361,697.6955027959714,0.8291854627595883,0.960327141729826,0.14261938292152093,0.22167456151581102,0.3649340673409295,0.15996671360901293,0.2080399436691845,0.018947637946485726,1.094162079119191,0.0006401229035974954,0.40590193317116885,0.40654205607476634,0.0098706951734733,0.23957397664570768,0.38714230719876813,0.14525856537918644,0.17336070832798667,0.21892203303034183,0.029317628984765073,0.021764178722314686,0.0007681474843169889,0.1485725259249776,0.07002944565356549,0.00275252848546921,0.00032006145179874534,0.0721418512354372,0.004032774292664192,0.06490846242478555,0.0015362949686339778,0.17340929458456023,0.10466009473818973,0.07054154397644348,0.016323134041736014,0.40654205607476634,1.094162079119191,1.0
300919,9430840,25836,1119.8585042464479,1604.2081440571133,-0.6900361187619128,-0.20397908579513047,0.14446411984510393,0.24467693227750656,0.390332356396673,0.0,0.0,1.0,1.1698057649159566,0.001191304274062499,2.0,2.0011913042740623,0.07806647127933461,0.21799040099086545,0.3797414460442793,1.0,1.0,0.0,0.0,0.0,0.22052659148071646,0.0,0.0,0.0,0.24467693227750656,0.0,0.0,0.0,0.14446411984510393,0.0,0.0,0.0,0.390332356396673,2.0011913042740623,1.1698057649159566,1.0
300989,4461088,8784,2191.284096140085,1602.3572428747439,4.141788307287809,1.7005396568577078,0.18860869814717846,0.15290395526831121,0.47477207353901113,0.16898568241648673,0.1996306730555416,0.016910672912078848,1.291056800493512,0.1332594201235215,0.402437701296186,0.5356971214197075,0.005745683564188822,0.36350182149362475,0.23861566484517305,0.2252959927140255,0.14344262295081966,0.13936286394709094,0.01575624600994197,0.028033520074026784,0.0005626430144395269,0.08638654964887489,0.057320097698140005,0.006978118342431263,0.002219189578865066,0.11213183869047193,0.0038040047629636538,0.07159015917193294,0.0010826955218099263,0.27659171932945503,0.12275032458449597,0.062383884828095745,0.013046144796964329,0.5356971214197075,1.291056800493512,1.0
301045,2041300,6232,782.644883880336,1610.884394820887,0.5571506666605681,3.6181856086035156,0.17616224954685739,0.19610052417577034,0.4129231372164797,0.15362759026110812,0.23519325919757017,0.015186400823004948,1.1981090481555872,0.04066036349385199,0.4191936511046882,0.4598540145985402,-0.0047518738059080055,0.24021181001283698,0.39345314505776635,0.13382541720154043,0.2605905006418485,0.15891833635428404,0.033753000538872285,0.021407926321461813,0.000734825846274433,0.09650712781070886,0.09611522069269583,0.002253465928574928,0.0012247097437907215,0.10816636457159653,0.010091608288835546,0.05520991525008573,0.0026943614363395874,0.23240092098172732,0.09523342967716651,0.07475628276098564,0.010532503796600206,0.4598540145985402,1.1981090481555872,1.0000000000000002
301081,1946238,3938,1285.5481666118303,1375.614453313956,2.6879020985222772,2.927615184392063,0.20096103354266026,0.14948736999277581,0.4660180306827839,0.1742644013733161,0.17678207906741109,0.005055907859162137,1.2824844649010039,0.11556962714734786,0.36115829615905143,0.4767279233063993,0.0002653324002511448,0.3547486033519553,0.32351447435246317,0.1574403250380904,0.19375317420010157,0.12192753404259911,0.04133101912510186,0.01991534437206549,0.0003596682420135667,0.09908243493344596,0.041803725957462554,0.007707176614576429,0.0008940324872908658,0.13900663742050048,0.009022534756797472,0.05200700017161313,0.0009248611937491715,0.28388100530356514,0.08462479922804919,0.09463488021506106,0.0028773459361085335,0.4767279233063993,1.2824844649010039,0.9999999999999999
301086,1279600,6500,516.6571306926025,539.9245546399144,1.2065665261172827,-0.7648075157591858,0.20822913410440763,0.1491872460143795,0.35007033447952485,0.0,0.73265082838387,0.26734917161613003,1.0575570490778368,-0.0073460456392622775,1.26734917161613,1.2600031259768678,0.041216005001562986,0.3273846153846154,0.23923076923076922,0.2423076923076923,1.0,0.0,0.26035479837449205,0.0,0.032158487027196,0.0,0.1439903094717099,0.0,0.005196936542669584,0.0,0.08897311659893717,0.0,0.11925601750547046,0.0,0.23933260393873085,0.0,0.110737730540794,1.2600031259768678,1.0575570490778368,1.0
301133,7102663,15840,1500.7677941636132,1435.1985418480099,2.3200035510022605,1.5062532792944052,0.1815464143519128,0.19590370541302607,0.4287070919738132,0.24255648902390553,0.21273668763391984,0.026215941823510423,1.2348643037125653,0.05125697220887432,0.5077250603048462,0.5589820325137205,0.011615080146699907,0.3148358585858586,0.3236111111111111,0.22184343434343434,0.21875,0.14329836569748558,0.027060273027173048,0.022090306128842097,0.001393843407747207,0.09695884487269071,0.09239802029182576,0.004716540824195094,0.0018302994243145142,0.08399187741273942,0.0032100636057208402,0.0926831246252286,0.0016613487082239437,0.1942417935357485,0.0900683307092002,0.12306651744563976,0.021330450283224757,0.5589820325137205,1.2348643037125653,1.0
301310,416430,1383,822.2543167057497,750.9115520054379,20.88401400332477,12.497012073101146,0.20701198280623395,0.14720361165141801,0.4159258458804601,0.16931056840285283,0.20894267944192302,0.019676776409000313,1.1860672862185722,0.06171025142280817,0.4176068006627765,0.47931705208558467,0.006821794779434712,0.36080983369486624,0.2646420824295011,0.19161243673174258,0.128705712219812,0.1998415099776673,0.013927911053478376,0.016089138630742263,0.0,0.0826069207309752,0.06219532694570516,0.002401363974737651,0.0,0.11790697115961866,0.0038421823595802414,0.08502269288956127,0.0002401363974737651,0.20171457387796268,0.12897725908315924,0.06579737290781164,0.01943664001152655,0.47931705208558467,1.1860672862185722,1.0
301469,633439,2224,835.8007737941837,711.6648943586054,3.8724135972882463,0.39449026179739555,0.16328012642101292,0.13371453289109134,0.4161410964591697,0.2711484452330848,0.1922837084549578,0.019531478169168618,1.1292768522304435,0.11914643714706546,0.5024951100263798,0.6216415471734453,0.012313735024209117,0.27428057553956836,0.23471223021582735,0.19874100719424462,0.2446043165467626,0.20272038822996374,0.05209657125626935,0.02904778518531382,0.0029994995571791445,0.045466098550925975,0.08572253997622502,0.001894420772955249,0.000631473590985083,0.07972354086186673,0.0066304727053433715,0.07582103406957892,0.0011050787842238952,0.18912634050003235,0.04783412451712004,0.1643852052052368,0.014795426236780495,0.6216415471734453,1.1292768522304435,1.0
301518,3999229,10699,890.2693825779793,1380.4405167053583,-0.08537367903733184,3.023976079605037,0.18681350830372553,0.19583274676193838,0.4146524242547751,0.7138448435936027,0.0,0.2861551564063973,1.2119511035752142,0.0320061691891112,1.2861551564063973,1.3181613255955085,0.08293048485095503,0.2763809701841294,0.39349471913262923,1.0,0.27563323675109824,0.0,0.0,0.17183037030387607,0.030870950375684915,0.0,0.0,0.09081250411016724,0.10502024265177112,0.0,0.0,0.17645151102875078,0.01036199727497475,0.0,0.0,0.27475045815080856,0.13990196610396655,1.3181613255955085,1.2119511035752142,1.0
600037,17262300,13290,5444.853953644188,6754.039681872191,0.37132322601414014,-0.43728597057554985,0.22310016625826223,0.19510273833730152,0.44035719458009653,0.0,0.6562566981224982,0.34374330187750185,1.298917293755757,0.022154289984532782,1.343743301877502,1.3658975918620349,0.050809880491012205,0.35944319036869826,0.2854778028592927,0.3288186606471031,1.0,0.0,0.09823714105304623,0.0,0.043202759771293515,0.0,0.18630779212503548,0.0,0.008794946212266036,0.0,0.08793156184285987,0.0,0.13516860441540235,0.0,0.28378020310155655,0.0,0.15657699147853993,1.3658975918620349,1.298917293755757,1.0
600054,7131276,9592,2691.7603959726684,3066.331031071091,1.5145346298025801,2.752668337236271,0.193955892325581,0.19058973457204573,0.4510835087577595,0.24188518296024442,0.2144564310790944,0.00832249375848025,1.2867126444131456,0.06653788186013276,0.4729866015562993,0.5395244834164321,0.00980528589834414,0.27293577981651373,0.3777105921601334,0.18619683069224355,0.2761676396997498,0.10090774778595023,0.0375352181012206,0.025338943549513437,0.0005889549079295206,0.1068458155314701,0.0744747503812782,0.008743316062931794,0.0005258525963656434,0.1016756328040031,0.006664445465299618,0.08459215433535316,0.0010236597209251192,0.2259066960807575,0.095782017131296,0.12321076901244601,0.006184026533259966,0.5395244834164321,1.2867126444131456,1.0
600066,9055802,31101,861.4033898064674,825.3426100525717,-0.5299836969459475,-1.4864314788195991,0.20145703273989427,0.2130407665715306,0.35728972431155187,0.0,0.0,1.0,1.1290772479345286,-0.05720807499987296,2.0,1.942791925000127,0.07145794486231037,0.332593807273078,0.33757756985305937,1.0,1.0,0.0,0.0,0.0,0.22821247637702327,0.0,0.0,0.0,0.2130407665715306,0.0,0.0,0.0,0.20145703273989427,0.0,0.0,0.0,0.35728972431155187,1.942791925000127,1.1290772479345286,1.0
600119,10683300,11496,3569.750971705574,3355.2869371349248,1.0989199732667903,1.1347398158576114,0.2189309483024908,0.14477783082006496,0.5194738517124858,0.27568260743403256,0.26984265161513765,0.027332378572164032,1.4026564825475274,0.1557650725899301,0.6001900161934982,0.7559550887834283,0.02567549352728089,0.37552192066805845,0.32741823242867085,0.23051496172581767,0.28262004175365346,0.065633746127133,0.028980745649752417,0.021473233925846883,0.0007296434622260911,0.05504900171295386,0.08463676953750246,0.004090496382204001,0.0010015631874046409,0.11067741241002312,0.011663062911272734,0.09483024908034035,0.0017602239008546049,0.1957822021285558,0.14456207351661005,0.15528862804564134,0.023840948021678694,0.7559550887834283,1.4026564825475274,1.0000000000000002
600227,69782360,28448,9502.353538642952,10405.107817546388,-0.15193386916813578,0.08852285921561664,0.2106148889203518,0.21010209456945853,0.47735267193600217,0.719933289731101,0.0,0.2800667102688989,1.3754223273618147,0.05663568844619182,1.280066710268899,1.3367023987150908,0.09547053438720043,0.3702193475815523,0.40607424071991,1.0,0.26616985376827895,0.0,0.0,0.07492208632668772,0.0270082582474998,0.0,0.0,0.12448446856770107,0.08561762600175746,0.0,0.0,0.1971100432831449,0.01350484563720688,0.0,0.0,0.3234166915535674,0.15393598038243475,1.3367023987150908,1.3754223273618147,1.0
600233,9007798,27522,899.5496825339436,1271.1568417362237,-0.8037199615416655,-1.4400964354504326,0.21708968162918396,0.19889389171471208,0.4008413598972801,0.0,0.0,1.0,1.217666293138456,-0.015142213446615926,2.0,1.984857786553384,0.08016827197945602,0.2832279630840782,0.40738318436160165,1.0,1.0,0.0,0.0,0.0,0.18317506675882386,0.0,0.0,0.0,0.19889389171471208,0.0,0.0,0.0,0.21708968162918396,0.0,0.0,0.0,0.4008413598972801,1.984857786553384,1.217666293138456,1.0
600355,11689702,2210,20639.494067310923,16177.298472065686,14.128451323949765,13.651727959021564,0.19978268051657774,0.23228137038908264,0.44919023598719626,0.30242858201175704,0.19784935492795283,0.0073654572203808106,1.330444522880053,0.017126185081535905,0.5150088513804715,0.5321350364620074,0.007257670041545974,0.36923076923076925,0.3778280542986425,0.28009049773755657,0.25565610859728505,0.0679829135079748,0.02213058981315349,0.028572328019995718,5.988176601935618e-05,0.1139466172875921,0.10247481073512396,0.015859942366366567,0.0,0.11043891452493827,0.004935968427595502,0.08440779756404397,0.0,0.19998816051940418,0.06830798595207987,0.17358851406135076,0.007305575454361455,0.5321350364620074,1.330444522880053,1.0
600375,32537399,18743,7348.138679971111,7028.803220197393,-0.036182182474711055,-2.3147558926774554,0.2342380532629544,0.2115564615352321,0.433473585273365,0.0,0.0,1.0,1.3127416853449165,-0.012320929524821556,2.0,1.9876790704751786,0.08669471705467299,0.4055380675452169,0.33879314944245853,1.0,1.0,0.0,0.0,0.0,0.12073189992844849,0.0,0.0,0.0,0.2115564615352321,0.0,0.0,0.0,0.2342380532629544,0.0,0.0,0.0,0.433473585273365,1.9876790704751786,1.3127416853449165,1.0
600391,4134461,6911,1767.812315603593,2364.506857577936,5.040145408940054,4.555081241326988,0.19489529590435126,0.19232736746095802,0.41181788871632846,0.21925977775579453,0.2496613222376508,0.02833259280955849,1.2108584407979661,0.024595225351019157,0.5255862856125623,0.5501815109635815,0.010977488964099558,0.29590507885978873,0.3371436839820576,0.2260164954420489,0.2601649544204891,0.12712297927105856,0.04208529237547531,0.030044786974650385,0.001706389297178036,0.10267360122637509,0.08398071719626815,0.004681384103030601,0.0009916649352841882,0.08588785817546712,0.007533025465713669,0.09813661321270173,0.003337799050468731,0.1870618685240954,0.1160622872001937,0.08639699346541181,0.022296739526627533,0.5501815109635815,1.2108584407979661,1.0
600439,15143700,9019,6029.606350457049,8537.348432320172,1.359079733613723,1.858776035208761,0.18418616322299042,0.2019149877506818,0.4993165474751877,0.1746429208185582,0.24319684093055197,0.002337605737039165,1.3847342459240477,0.11321539650151546,0.42251497322318854,0.535730369724704,0.0017517515534512696,0.3195476216875485,0.3987138263665595,0.21776250138596295,0.24858631777358908,0.07627330176905248,0.01753864643383057,0.020704319287888694,6.603406036833799e-05,0.10561751751553451,0.0926259764786677,0.003612063102148088,5.943065433150419e-05,0.11072987446925124,0.005425358399862649,0.06799130991765552,3.962043622100279e-05,0.28720193876001243,0.12760685961819107,0.0823352285108659,0.00217252058611832,0.535730369724704,1.3847342459240477,1.0
600480,9087820,9241,4698.610848752038,2920.8736554958405,3.0054582711445192,1.9032732456357833,0.22968346644189697,0.18701635815850226,0.46237403469699,0.3893399077006367,0.18029648474551652,0.018790314949019678,1.3414478939943792,0.045674210096590784,0.6072170223441925,0.6528912324407833,0.028056321538058638,0.4193269126717888,0.31912130721783355,0.35764527648522887,0.21804999458933016,0.07299044215224333,0.02477447836774936,0.022186949125312782,0.0009742710573052724,0.0960144457086518,0.07952402226276489,0.010212900343536734,0.001264989843548838,0.07176341520848785,0.004811935095545466,0.15223772037738423,0.0008703957604794109,0.17080498953544415,0.07118604901945681,0.20470233785440292,0.015680658287686156,0.6528912324407833,1.3414478939943792,1.0
600533,24852051,13862,7687.997745695917,7870.411387036114,-0.48351930726468595,0.8062146769379037,0.19145908721980331,0.21727381776256616,0.47445178669559307,0.7938520245270703,0.0,0.2061479754729298,1.3576364783735557,0.0657188817132236,1.2061479754729298,1.2718668571861533,0.0948903573391186,0.3378300389554177,0.374909825422017,1.0,0.21382195931323042,0.0,0.0,0.09625756843972355,0.02055773988231394,0.0,0.0,0.14062626058509214,0.076647557177474,0.0,0.0,0.18713759278861933,0.004321494431183969,0.0,0.0,0.36983060271363516,0.10462118398195787,1.2718668571861533,1.3576364783735557,1.0000000000000002
600577,43716459,37232,4884.9775071306685,6163.101587451018,-1.0059801559458856,-1.3512527905264697,0.22794828830944427,0.19758995118977957,0.4588607462466253,0.0,0.0,1.0,1.3432597319924744,0.03332250674740145,2.0,2.0333225067474014,0.09177214924932506,0.3759400515685432,0.36114095401804897,1.0,1.0,0.0,0.0,0.0,0.11560101425415083,0.0,0.0,0.0,0.19758995118977957,0.0,0.0,0.0,0.22794828830944427,0.0,0.0,0.0,0.4588607462466253,2.0333225067474014,1.3432597319924744,1.0
600598,19600200,26545,2844.250385117909,3410.414345604439,-2.253114567174378,0.17752351325583238,0.21352761706513199,0.23717023295680656,0.40808338690421525,0.6506974418628382,0.0,0.3493025581371619,1.2668646238303691,-0.04261446311772327,1.349302558137162,1.3066880950194388,0.08161667738084305,0.3368996044452816,0.37457148238839705,1.0,0.28193633452627614,0.0,0.0,0.10270731931306823,0.038511443760777954,0.0,0.0,0.10947847470944173,0.1276917582473648,0.0,0.0,0.20179977755329026,0.011727839511841715,0.0,0.0,0.23671187028703788,0.17137151661717737,1.3066880950194388,1.2668646238303691,1.0
600710,8520508,15398,1847.0598657831442,2603.8796934252987,-0.4309000380812993,0.04910322479258422,0.17067034031304237,0.2321359242899602,0.4322385472791059,0.5796796388196572,0.0,0.42032036118034277,1.2672833591612143,0.029432282676103316,1.4203203611803428,1.449752643856446,0.08644770945582118,0.26444992856215094,0.38037407455513705,1.0,0.35874788933627744,0.0,0.0,0.11815492691280849,0.04680026120508308,0.0,0.0,0.0878956982377107,0.14424022605224945,0.0,0.0,0.1562697904866705,0.014400549826371855,0.0,0.0,0.21735922318246753,0.21487932409663837,1.449752643856446,1.2672833591612143,0.9999999999999999
600725,14326504,11786,5597.286931112454,5939.994389955818,1.2669289412734908,0.3552684306897733,0.17590250908386304,0.1864616796951999,0.5337628775310431,0.22068356662588445,0.2710165718028627,0.00480228812276882,1.4298899438411492,0.17139868875198017,0.5013047146742848,0.672703403426265,0.01799372687153823,0.344561343967419,0.376718140166299,0.23655184116748684,0.29441710503987784,0.061409259369906294,0.02707569132008758,0.015332142440332966,5.584055956707931e-05,0.09116529754921368,0.09287122664398795,0.0022646138932429015,0.000160541608755353,0.08089203060286027,0.008265798829916914,0.08638171601389984,0.00036296363718601554,0.27003098592650376,0.14280385500887027,0.11670509427840875,0.004222942317260373,0.672703403426265,1.4298899438411492,1.0
600827,7679595,9875,3002.334540586221,3622.689779899317,0.028504064237948157,2.766236562158439,0.18048282494063814,0.2008241320017527,0.45791959081175504,0.3502018010064333,0.20120956899419826,0.01907548510045126,1.2971461385659009,0.07661263386936423,0.5895623402015341,0.6661749740708983,0.029620442223841227,0.25913924050632914,0.37255696202531646,0.2913417721518987,0.2260253164556962,0.08809357785143618,0.02549717791107474,0.04635036092398102,0.0008323355593621799,0.11260906336857608,0.08100687601364395,0.006413879898614445,0.0007943127209182255,0.05211212310024162,0.006055006806999588,0.12087030631172607,0.0014453887216708693,0.17669838057866333,0.08865050826247999,0.17656725387211175,0.016003448098499986,0.6661749740708983,1.2971461385659009,1.0000000000000002
600862,9695103,14478,2353.127561374076,2546.568911177997,0.26056711055385406,0.9879255425593816,0.20278154858179434,0.24149531985374473,0.38835894781107533,0.368690152131442,0.2329423421288046,0.03233715000242906,1.2209947640576897,-0.05591792062446371,0.6663067942651048,0.6103888736406411,0.026864325216555202,0.32960353640005524,0.35674816963669015,0.36897361514021276,0.2318690426854538,0.07615535389361,0.03332713432750534,0.05631946354773126,0.0015622319845389988,0.12968093273480436,0.0938432526193894,0.016567126723666576,0.001404007775884382,0.049285706402500316,0.005362294758498182,0.14640525221856848,0.0017282952022273513,0.11090836270640962,0.10040966042341169,0.1493983096414757,0.02764261503977833,0.6103888736406411,1.2209947640576897,1.0
601077,53765102,37550,6418.6702432431775,5751.732110584246,-0.7086840642775643,-1.5991575579276125,0.19054848998519522,0.23810260789610332,0.43907181651027094,0.0,0.0,1.0,1.3067947309018404,0.010420718628972425,2.0,2.010420718628972,0.0878143633020542,0.3327563249001332,0.37163781624500664,1.0,1.0,0.0,0.0,0.0,0.13227708560843054,0.0,0.0,0.0,0.23810260789610332,0.0,0.0,0.0,0.19054848998519522,0.0,0.0,0.0,0.43907181651027094,2.010420718628972,1.3067947309018404,1.0
601388,74677392,41254,12279.775023920774,6680.509190236406,-0.21049336583362854,-1.2571411842211064,0.21256746620181916,0.23978452541567064,0.43085128093386016,0.0,0.0,1.0,1.3140545534852102,-0.02150071068362963,2.0,1.9784992893163704,0.08617025618677203,0.4113782905900034,0.3117515877248267,1.0,1.0,0.0,0.0,0.0,0.11679672744865005,0.0,0.0,0.0,0.23978452541567064,0.0,0.0,0.0,0.21256746620181916,0.0,0.0,0.0,0.43085128093386016,1.9784992893163704,1.3140545534852102,1.0
601778,48134200,20142,13667.300711984357,9040.528402030905,-0.849411344226163,-0.8588363682691127,0.19051734525555633,0.23675681739802468,0.44118942456714766,0.0,0.0,1.0,1.3096530117878764,0.013915261913566679,2.0,2.0139152619135667,0.08823788491342953,0.3748386456161255,0.29882831893555756,1.0,1.0,0.0,0.0,0.0,0.13153641277927128,0.0,0.0,0.0,0.23675681739802468,0.0,0.0,0.0,0.19051734525555633,0.0,0.0,0.0,0.44118942456714766,2.0139152619135667,1.3096530117878764,1.0
601878,13066157,11927,4180.1322792651545,4669.562488683463,1.3491558646577255,0.051853024508911716,0.18091639339707918,0.2324554189881539,0.4768822232887604,0.2950407682993553,0.3136134825258873,0.0099805933756957,1.3671362589627538,0.06351041090352733,0.628615437576634,0.6921258484801613,0.02420032148702943,0.36547329588329003,0.378301333109751,0.30896285738240964,0.30150079651211537,0.048743406343579064,0.03052779788272864,0.03023666407804529,0.00023809602165349766,0.10003423347813745,0.12329309987626813,0.008707150847797098,0.00042093478595121734,0.05278813043498559,0.00660109931328699,0.1208857355686144,0.0006414280801922095,0.17979938554235955,0.15319148545360353,0.13521121780489856,0.008680134487898776,0.6921258484801613,1.3671362589627538,0.9999999999999999
603118,20767794,28846,3127.787092516206,2402.0790891453416,-0.4275956906368572,-1.8215798935215473,0.21300683163556033,0.21126451851361777,0.4263627614950341,0.0,0.0,1.0,1.2769968731392463,0.002091411345855998,2.0,2.002091411345856,0.08527255229900682,0.38539138875407336,0.31394300769604105,1.0,1.0,0.0,0.0,0.0,0.14936588835578782,0.0,0.0,0.0,0.21126451851361777,0.0,0.0,0.0,0.21300683163556033,0.0,0.0,0.0,0.4263627614950341,2.002091411345856,1.2769968731392463,1.0
603181,7084300,9594,2274.2061033307127,3420.361529884326,0.8260741937607499,1.9455090828150503,0.18362858715751731,0.2236466552799853,0.44824753327781147,0.2696102649520771,0.2508645878915348,0.02288158321923126,1.3037703089931256,0.040972290840308845,0.5662380192820745,0.6072103101223834,0.02095676354756293,0.27277465082343133,0.43621013133208253,0.23848238482384823,0.2582864290181363,0.08420027384498116,0.026241124740623633,0.03268071651398162,0.0013551091850994453,0.1204353288257132,0.09145575427353443,0.00972290840308852,0.002032663777649168,0.06737151165252742,0.010657369111980012,0.10407520855977302,0.0015244978332368759,0.18463644961393505,0.12251033976539673,0.12313143147523396,0.01796931242324577,0.6072103101223834,1.3037703089931256,0.9999999999999999
603186,5673000,20544,687.7858844256257,1038.8855846183922,-0.19831076380718926,1.5399850645682533,0.1908514013749339,0.20655737704918034,0.3939361889652741,0.7332099418297198,0.0,0.2667900581702803,1.1852811563546624,-0.0034725894588401585,1.2667900581702805,1.2633174687114404,0.07878723779305483,0.27497079439252337,0.3932535046728972,1.0,0.24956191588785046,0.0,0.0,0.1718667371760973,0.03678829543451437,0.0,0.0,0.11482460779129208,0.09173276925788824,0.0,0.0,0.18112109994711792,0.00973030142781597,0.0,0.0,0.2653974969152124,0.1285386920500617,1.2633174687114404,1.1852811563546624,1.0
603194,1023590,2956,1078.8542914786167,1281.3946222458671,9.493490786180182,6.863561079098536,0.17634013618734062,0.22302582088531542,0.37192625953751013,0.28214421789974503,0.17389775202962124,0.016119735440948035,1.1432184761476762,-0.027439697535145913,0.48828144081126235,0.46084174327611643,0.01740931427622388,0.256765899864682,0.3399864682002706,0.2269959404600812,0.15527740189445197,0.1664856045877744,0.021492980587930713,0.03906837698687951,0.0016608212272491915,0.14632518879629539,0.06985218691077483,0.00528531931730478,0.0015631258609404156,0.06760519348567297,0.004591682216512471,0.10218935315897967,0.0019539073261755197,0.14742230775994294,0.07796090231440322,0.13560116843658104,0.01094188102658291,0.46084174327611643,1.1432184761476762,1.0
603200,4256380,18708,546.5964327224028,765.8694397032941,-0.4927231793163278,1.0894877836313963,0.17893115746244462,0.21694562045682012,0.3546196533204272,0.7428704673924791,0.0,0.25712953260752097,1.1051160845601191,-0.041257124598837513,1.2571295326075211,1.2158724080086836,0.07092393066408545,0.2734124438742784,0.3669553132349797,1.0,0.24497541158862518,0.0,0.0,0.20924424041086556,0.040259328349442486,0.0,0.0,0.11629271822534643,0.10065290223147369,0.0,0.0,0.1698997739863452,0.009031383476099409,0.0,0.0,0.24743373476992186,0.10718591855050535,1.2158724080086836,1.1051160845601191,1.0
603206,2756600,5828,1542.778473813283,1370.5303952033812,6.488793929799118,0.45663268258209655,0.18972647464267575,0.1719509540738591,0.48821011390843794,0.2224842196909236,0.2600304723209751,0.04277007908292824,1.3380976565334106,0.12653268519190308,0.5680548501777551,0.6945875353696582,0.02045998694043387,0.4009951956074125,0.3299588194921071,0.22786547700754975,0.2594371997254633,0.09776536312849161,0.02960168323296815,0.021983602989189582,0.0007618080243778568,0.07774069505913081,0.08670100848871799,0.005804251614307481,0.0017049989117028223,0.09863600087063774,0.00932307915548139,0.08017122542262207,0.0015961691939345571,0.20057316984691287,0.1344047014438076,0.11452513966480447,0.038707102952913006,0.6945875353696582,1.3380976565334106,1.0
603283,5476580,13060,1257.509480420428,1495.2082146183177,2.984781935494282,1.4360656266352354,0.16275047566181813,0.2410584707974685,0.412119242300852,0.2557778759736916,0.2538087638635791,0.026098769670122594,1.2280474310609906,0.00831029584156534,0.5617841791775159,0.5700944750190813,0.01785216321134723,0.31232771822358346,0.3679938744257274,0.2628637059724349,0.2223583460949464,0.12248885253205467,0.024859310007340346,0.0351686636550548,0.0015549850454115524,0.12526722881798494,0.10629991710154878,0.006328767223340114,0.0031625576545946557,0.06336436243056798,0.004670798198875941,0.09301425342093059,0.0017010616114436381,0.1531941467119991,0.11797873855581403,0.12126619167436611,0.019680165358672747,0.5700944750190813,1.2280474310609906,1.0
603373,681500,2220,669.6621391098306,1479.1209654239524,8.814186241686965,7.874775757019059,0.11049156272927366,0.2557593543653705,0.4328686720469552,0.09772560528246516,0.3688921496698459,0.011445341159207631,1.2319882611885546,0.06661775495231104,0.48950843727072635,0.5561261922230374,0.011151870873074104,0.1963963963963964,0.4635135135135135,0.1036036036036036,0.30855855855855857,0.16023477622890683,0.02743947175348496,0.01173881144534116,0.001467351430667645,0.11826852531181217,0.13367571533382244,0.0024944974321349962,0.0013206162876008803,0.0673514306676449,0.0030814380044020544,0.039325018341892885,0.0007336757153338225,0.1760821716801174,0.20469552457813647,0.04416727806309611,0.007923697725605283,0.5561261922230374,1.2319882611885546,0.9999999999999999
603396,4251400,13487,962.8591347857109,983.7196138608601,0.2616351183337988,0.3906351282253624,0.19004092769440656,0.20314249423719247,0.4415392576563015,0.2998776873500494,0.2591852095780214,0.0419861692618902,1.2762619372442021,0.04835583572470242,0.6430352354518512,0.6913910711765536,0.02725502187514701,0.36182991028397715,0.3784384963297991,0.2916141469563283,0.2618076666419515,0.0982735099026203,0.02874347273839206,0.03579997177400386,0.002460365997083314,0.09385143717363692,0.09843816154678459,0.007291715670132192,0.003561179846638754,0.06992990544291293,0.005983911182198805,0.11109281648398174,0.0030342945853130735,0.1368960812908689,0.1260196641106459,0.1456931834219316,0.03293032883285506,0.6913910711765536,1.2762619372442021,1.0
603556,4345530,14649,923.0996955609696,1281.3038269101085,1.3970175891658094,0.10834626532611491,0.21485066263493752,0.14754701958104074,0.39106622207187614,0.23764650111724,0.31815911983118284,0.025842647502145884,1.1445301263597305,0.0286685398558979,0.6074909159527145,0.6361594558086124,0.013613529304825882,0.30227319270939995,0.25421530479896237,0.23414567547272852,0.31906614785992216,0.14408599181227608,0.06993393210954706,0.030652187420176596,0.001863984370145874,0.04754310751507871,0.09627594332567029,0.0026694097152706346,0.0010585590250211136,0.08314981141540848,0.011015917506034936,0.11717788163929371,0.003507052074200385,0.143572820806668,0.14093332688993057,0.08714702234249908,0.01941305203277851,0.6361594558086124,1.1445301263597305,1.0
603712,24606483,38097,3106.5371168444535,2251.9656229658117,-0.7016288491613998,-0.23415895554859167,0.21047782407587465,0.20934487061803997,0.3887219884288218,0.0,0.0,1.0,1.1972666715515583,-0.03110070626509287,2.0,1.968899293734907,0.07774439768576435,0.3283198152085466,0.2970050135181248,1.0,1.0,0.0,0.0,0.0,0.1914553168772636,0.0,0.0,0.0,0.20934487061803997,0.0,0.0,0.0,0.21047782407587465,0.0,0.0,0.0,0.3887219884288218,1.968899293734907,1.1972666715515583,1.0
603801,7262787,7473,3789.608428824707,2803.2266126632476,1.9452088001578458,2.9062197222784025,0.19971754644601308,0.20207917428942912,0.45033538777882376,0.2703190937583603,0.2224774043352779,0.014469651939400124,1.3024674962930898,0.048538667043381556,0.5217358019724384,0.5702744690158199,0.00798071043526404,0.37561889468754184,0.36210357286230427,0.2753914090726616,0.2254783888665864,0.09285691567162854,0.02108956245033759,0.03367068316887167,0.00025073019489625675,0.08943563951414243,0.09999054082131281,0.010674552344712849,0.001978441609261018,0.10051471976253744,0.003969688220238319,0.09432728785795315,0.0009058506052841698,0.2099265750186533,0.09742761284338919,0.1316465703868226,0.011334629529958678,0.5702744690158199,1.3024674962930898,1.0
603868,432300,2057,541.8358226682961,547.952690838791,12.594495119922891,2.7058205078036135,0.19546611149664586,0.16377515614156835,0.3564654175341198,0.24820726347443905,0.2558408512606986,0.007402266944251677,1.0721721027064537,-0.0027758501040943684,0.518852648623641,0.5160767985195467,0.013231552162849875,0.3252309188138065,0.2722411278561011,0.2017501215362178,0.21293145357316481,0.23270876705991209,0.03516076798519547,0.016192458940550544,0.0002313208420078649,0.06291926902613926,0.09738607448531113,0.003007170946102244,0.0004626416840157298,0.07934304880869766,0.004163775156141568,0.11172796668979876,0.0002313208420078649,0.11357853342586167,0.11913023363405043,0.11727966689798751,0.006476983576220218,0.5160767985195467,1.0721721027064537,0.9999999999999999
605133,16346498,41433,1208.9990523370795,1549.3721396308297,-0.03946068047105955,-1.069879688297629,0.16135725217719415,0.24537218919917894,0.415316724108124,0.0,0.0,1.0,1.237362889592621,0.008587282731750856,2.0,2.008587282731751,0.0830633448216248,0.28185262954649676,0.3897859194361982,1.0,1.0,0.0,0.0,0.0,0.17795383451550295,0.0,0.0,0.0,0.24537218919917894,0.0,0.0,0.0,0.16135725217719415,0.0,0.0,0.0,0.415316724108124,2.008587282731751,1.237362889592621,1.0
605183,785118,1968,1177.4704812375214,967.5893797141844,23.740918021816064,7.855113888177325,0.13271890340050796,0.2190753491831801,0.43967913103508005,0.22060378185189997,0.16048543021558542,0.006750577620179387,1.2311525146538482,0.08788487845139198,0.39459036730784414,0.4824752457592361,0.013475681362546774,0.32926829268292684,0.32621951219512196,0.24949186991869918,0.12957317073170732,0.17245815278722434,0.008788487845139203,0.026897867581688356,0.00038210816717996533,0.1365629115623384,0.06916157825957372,0.01233190424878808,0.0010189551124799075,0.06432154147529416,0.00242001839213978,0.06470364964247413,0.0012736938905998844,0.23881760448747832,0.08011534571873273,0.1166703603789494,0.00407582044991963,0.4824752457592361,1.2311525146538482,1.0
605499,1051591,8624,217.44168967233094,261.6066432358457,-1.102229377768842,-0.557918859998245,0.13895136036729108,0.1951775928093717,0.1756196087642439,0.0,0.0,1.0,0.6853681707051507,-0.1585093444124189,2.0,1.8414906555875812,0.03512392175284878,0.19480519480519481,0.2627551020408163,1.0,1.0,0.0,0.0,0.0,0.4902514380590933,0.0,0.0,0.0,0.1951775928093717,0.0,0.0,0.0,0.13895136036729108,0.0,0.0,0.0,0.1756196087642439,1.8414906555875812,0.6853681707051507,0.9999999999999999
688027,2317154,10562,510.92954236821635,724.0242807345105,2.3570163340335633,4.115971293413375,0.14782919046381898,0.24920268570841644,0.2239721658551827,0.15273607192271207,0.1775358910111283,0.014291669867432204,0.8449762078826009,-0.17305971031705275,0.3588553026687048,0.18579559235165205,-0.009529275999782493,0.1957015716720318,0.30590797197500474,0.1911569778451051,0.1605756485514107,0.29761983881951737,0.030354477950106037,0.047558772528714106,0.003462868674244353,0.16229780152721832,0.07609981900210344,0.00867098173017417,0.0021340834489205294,0.08037402779444094,0.0044170564407890025,0.06086043482651563,0.0021776714020734058,0.11514469905755077,0.06666453761812982,0.03564588283730818,0.006517046342193916,0.18579559235165205,0.8449762078826009,1.0
688046,2807192,5298,1325.4565445441333,1925.9893976641538,3.1644185871485826,5.004321415583461,0.2291311032519329,0.16506565991923602,0.34893908218604214,0.23683844924037972,0.22459062294278412,0.014801623829079022,1.092074927543253,-0.04525768098512678,0.4910323198413219,0.4457746388561951,0.006371634002946713,0.2682144205360513,0.2882219705549264,0.22423556058890148,0.23782559456398641,0.17193337684062934,0.050562626282776524,0.03188168105352252,0.002486470465860547,0.09511461987637468,0.06035960490055543,0.007812076979415729,0.0017793581628901764,0.1011608753515969,0.00873613204939313,0.1148318319516442,0.004402263899298659,0.15556043191915622,0.10493225971005903,0.08231285925579725,0.006133531301029641,0.4457746388561951,1.092074927543253,1.0
688069,774561,2502,901.6460995691173,692.8243105510528,6.6635376683897,8.12364965334026,0.19077903483392528,0.18931497971108796,0.3185636767149392,0.1385120087378528,0.12734955671664336,0.01281629206737752,1.0172213679748916,-0.061530337830074056,0.2914941495892512,0.22996381175917713,-0.012983354442064604,0.3085531574740208,0.2905675459632294,0.13469224620303757,0.15587529976019185,0.24708705963765282,0.031128600587945945,0.021160373424430095,0.0019662750900187333,0.1376779879183176,0.04692335400310627,0.004011304467950233,0.0007023333217138482,0.12968765532992238,0.008242088098936043,0.05076940357182972,0.0020798878332371497,0.20686943959223353,0.041055514026655096,0.06257092727364275,0.00806779582240779,0.22996381175917713,1.0172213679748916,1.0
688137,678554,1620,883.0272584243583,1482.5157093275748,7.547662040317071,7.196994888578677,0.1418988024534525,0.21283346645955958,0.42351087754253897,0.08128019288074347,0.2046734674027417,0.011518611635919912,1.20175402399809,0.0687786086295269,0.308990883555325,0.3777694921848519,-0.009733049985704895,0.25679012345679014,0.4154320987654321,0.12345679012345678,0.21604938271604937,0.18074906344962965,0.02188477261942307,0.017048016812221282,0.0020750006631749278,0.1286367776182883,0.07903424045838651,0.0038611518022147093,0.0013012965806700719,0.09658627021578238,0.005866887528479679,0.03932479950011348,0.00012084520907694892,0.29655561679689457,0.09788756679645245,0.021046224766193996,0.008021469182997964,0.3777694921848519,1.20175402399809,1.0
688220,9100269,30461,936.7435891116962,908.8088967331591,0.7007287729836635,0.08605146342454262,0.19483149344266637,0.17286884596488303,0.33383661515939805,0.20636862492746094,0.2886499289196836,0.026824152121217516,1.0353735697263455,-0.03386372424815137,0.5486668580895796,0.5148031338414283,-0.0008461068568412639,0.2852499917927842,0.2600374249039756,0.24030727815895736,0.3198516135386232,0.17029474623222676,0.07079636876668151,0.05126057262702894,0.006111357807115372,0.06700021724632535,0.0972048188905185,0.005811146901261929,0.0028526629267772194,0.09947903737790609,0.011773498124066443,0.0809928805401247,0.002586077400569148,0.14138329317517975,0.10887524313841712,0.06830402485904538,0.015274053986755775,0.5148031338414283,1.0353735697263455,0.9999999999999999
688223,64869337,30268,10038.950035302894,6000.543005327058,-0.6062827932492949,-0.6030552098284911,0.16624748299801492,0.26010443115828363,0.4627115273276186,0.0,0.0,1.0,1.3517749688115357,0.03635961317132003,2.0,2.03635961317132,0.09254230546552372,0.43425399762125017,0.32014008193471655,1.0,1.0,0.0,0.0,0.0,0.11093655851608288,0.0,0.0,0.0,0.26010443115828363,0.0,0.0,0.0,0.16624748299801492,0.0,0.0,0.0,0.4627115273276186,2.03635961317132,1.3517749688115357,1.0
688267,5156536,12330,1450.0451323574514,1232.8160688947473,2.8883651299236988,7.034712202890683,0.21778573833286533,0.17388960340817944,0.39899808708792106,0.22711254221826435,0.1301144799532089,0.017148139758938946,1.189671515916887,0.007322745346876269,0.3915233016893512,0.39884604703622745,0.0005541316884047742,0.3311435523114355,0.2833738848337389,0.21573398215733983,0.13803730738037306,0.16387202571648873,0.017882353580000218,0.026616511549613926,0.0009556803249313105,0.11729715452388968,0.05177177081668779,0.0037026794731967352,0.0011179985944052364,0.11630695490150753,0.0057377665936977846,0.09402494232562325,0.0017160745120367628,0.22814870292770184,0.0547225889628231,0.10276840886983045,0.013358386327565638,0.39884604703622745,1.189671515916887,0.9999999999999999
688275,12860879,34394,1440.8994221046994,1124.9657281598788,-0.7683489075093881,-0.7375291135819797,0.22422269893060964,0.15788734191496553,0.36287760735483165,0.0,0.0,1.0,1.1078652555552386,-0.01923243349074355,2.0,1.9807675665092566,0.07257552147096633,0.3326161539803454,0.22093969878467173,1.0,1.0,0.0,0.0,0.0,0.2550123517995932,0.0,0.0,0.0,0.15788734191496553,0.0,0.0,0.0,0.22422269893060964,0.0,0.0,0.0,0.36287760735483165,1.9807675665092566,1.1078652555552386,1.0
688361,2196727,7585,835.5473747892389,750.9826541194905,1.643202965155976,0.5414973919685337,0.13049186357703985,0.13710852554732564,0.30900380429611873,0.2035464579804409,0.13833216416969427,0.006664460353972068,0.8856079977166029,0.04140341517175328,0.3552075428580793,0.3966109580298326,0.00745099413809727,0.1959129861568886,0.2003955174686882,0.1963085036255768,0.17086354647330257,0.3112462313250577,0.06015722481673872,0.0499556840699823,0.0020366663677370924,0.09850017776446504,0.030038325199262358,0.00801055388311793,0.0005594687004803055,0.06450187028247024,0.005984812860223414,0.05779279810372431,0.002212382330621875,0.17720863812389978,0.042151801293469786,0.08778742192361637,0.0018559429551327953,0.3966109580298326,0.8856079977166029,0.9999999999999998
688439,2225845,5529,1072.2690143800403,1203.1730056038216,9.728894651652457,6.38030185361381,0.17286513661103986,0.18054671371995804,0.38612886342040886,0.20527619847743217,0.18352221291239956,0.01534653131731994,1.1256695771718155,0.032717013089410996,0.4194914740244716,0.4522084871138826,0.006016321891236809,0.268945559775728,0.30584192439862545,0.19696147585458493,0.18357750045216134,0.19099847473656073,0.03621141633851414,0.03176007314076227,0.0014893220327560994,0.1099416176777808,0.06113228908571801,0.0072296139219038165,0.002243193034555416,0.09230247389193767,0.0059240423299915315,0.07214024336824891,0.0024983770208617403,0.20261249098656914,0.08025446515817589,0.09414626804651717,0.009115639229146684,0.4522084871138826,1.1256695771718155,1.0
688466,524259,1433,955.100537926768,986.9211906560415,13.220963296330297,15.503491697270658,0.17301181286348924,0.17156405517120354,0.37445995204660293,0.1710643021865147,0.18600157555711966,0.019429327870384677,1.0934957721278986,0.029884084011910172,0.3959245334844037,0.4258086174963139,0.0043158057372405636,0.28332170272156315,0.2784368457780879,0.20376831821353802,0.15212840195394278,0.2191931850478485,0.026355293852847544,0.034273135988128006,0.0011425650298802692,0.10652559135846977,0.055094905380737386,0.007322716443589905,0.002620841988406494,0.09972170244096906,0.004396681792777997,0.06845662163167442,0.000436806998067749,0.19806431553869366,0.10015469453075675,0.06101182812312235,0.015229113854030165,0.4258086174963139,1.0934957721278986,0.9999999999999999
688550,2181839,4511,1837.7504941917123,1374.4025127363598,13.030204134040217,16.38143957648113,0.15775911971506607,0.1838563707037962,0.418181176521274,0.22619634170990618,0.13422346928439724,0.013794785041426063,1.1779778434614103,0.07656568610241171,0.38800938107715555,0.46457506717956726,0.005073243259470566,0.27976058523608954,0.2768787408556861,0.2148082465085347,0.1367767679006872,0.18408003523633046,0.019828227472329533,0.03451079570949094,0.0017842746417127936,0.11107648181190272,0.06218607330788385,0.008267796111445437,0.0023260194725641995,0.08989893388100588,0.002378268974016873,0.0638168077479594,0.001665109112083889,0.24072995303503145,0.049830899530166985,0.1196009421410104,0.008019381815065181,0.46457506717956726,1.1779778434614103,0.9999999999999999
688600,1330953,2832,1623.55245886299,1300.852824370529,5.125381942029371,3.601405449822778,0.14550776774236204,0.139770525330346,0.4378441612889411,0.12909471634235017,0.19224345262379663,0.02664857436738938,1.1609666156505902,0.15256586821623308,0.37463531770092556,0.5272011859171586,-0.002732628424895542,0.268361581920904,0.19703389830508475,0.1694915254237288,0.18255649717514125,0.21438773570516764,0.028616337316193736,0.03129486916517713,0.002578603451812348,0.06184816443555858,0.07572994688768123,0.0018528077249910402,0.0003396062821151461,0.0964098657127637,0.0033066532026299954,0.04447565015443821,0.0013155986725301345,0.27936749081297385,0.08459051521729168,0.051471389297743794,0.022414765960931754,0.5272011859171586,1.1609666156505902,0.9999999999999999
