secucode,total_volume,total_trades,big_buy_non_big_sell,non_big_buy_big_sell,big_buy_big_sell,long_buy_non_long_sell,non_long_buy_long_sell,long_buy_long_sell,VolumeBigOrigin,VolumeBig,VolumeLong,VolumeLongBig,VolumeLongBigSelect,BB0_BS0_LB0_LS0,BB0_BS0_LB0_LS1,BB0_BS0_LB1_LS0,BB0_BS0_LB1_LS1,BB0_BS1_LB0_LS0,BB0_BS1_LB0_LS1,BB0_BS1_LB1_LS0,BB0_BS1_LB1_LS1,BB1_BS0_LB0_LS0,BB1_BS0_LB0_LS1,BB1_BS0_LB1_LS0,BB1_BS0_LB1_LS1,BB1_BS1_LB0_LS0,BB1_BS1_LB0_LS1,BB1_BS1_LB1_LS0,BB1_BS1_LB1_LS1,验证_VolumeLongBig,验证_VolumeBigOrigin,订单类型总和
000153,6887040,8386,0.24816466871108633,0.1935577548554967,0.4048502694916829,0.31710284824830404,0.23124593439271443,0.010193058265960413,1.251422962549949,-0.03687215407490013,0.5687348991729393,0.5318627450980391,0.08776716847876592,0.07686320973887185,0.040690920918130286,0.03479869435926029,0.0010744819254716105,0.10487524393643713,0.07801900381005483,0.009981065886070067,0.0006824412229346715,0.10784313725490197,0.017302063005296905,0.12043490381934764,0.0025845646315398197,0.15187656816281014,0.09523394665923242,0.15188818418362607,0.005851570486014311,0.5318627450980391,1.251422962549949,0.9999999999999999
000415,94860777,39533,0.2526799669793976,0.13574649509775785,0.530612974000835,0.25332643016407086,0.3260750225564777,0.010368194643819963,1.4496524100788255,0.14218651192367948,0.6001378420081884,0.7423243539318679,0.10996723967378004,0.03568144924640455,0.027580419249570345,0.017106248244203186,0.0005924471818315383,0.04711220107336882,0.08527897678932148,0.002820849759643019,0.0005344674754245371,0.13069047494730093,0.015411005962980884,0.10578574535606007,0.0007927407130557237,0.19674622736855718,0.197804620554605,0.1276135868041646,0.008448539273508164,0.7423243539318679,1.4496524100788255,1.0
000567,80907700,47411,0.19467097692803034,0.2338134318488846,0.42537589129341213,0.28062717145586885,0.23998483457075162,0.019335032388759044,1.2792361913637391,-0.003108517483502826,0.5592820708041386,0.5561735533206358,0.08825766892397138,0.07150669219369726,0.03873237034299579,0.03519729271750402,0.0007033446754758818,0.12774197017094788,0.09277866012752803,0.011791819567235257,0.0015009819831734185,0.09196904620944607,0.008155119970039934,0.09350775018941337,0.0010390605591309604,0.1688352530105293,0.10031868413018785,0.1401303089817162,0.01609164517097878,0.5561735533206358,1.2792361913637391,1.0
000628,3558144,11156,0.1714939024390244,0.2611754892438305,0.3328982750557594,0.26887613317504855,0.2792467083962875,0.04356203683718253,1.0984659417943736,-0.09977111662709548,0.6352469152457011,0.5354757986186056,0.08086238218576876,0.13466121663429023,0.04131367364558601,0.05382019389884164,0.0046372490826678174,0.12377239369738831,0.12304167566011943,0.010370575221238939,0.003990844665083819,0.04912673573638391,0.005901953377940859,0.11126587344413268,0.005199339880566947,0.10075477552341895,0.1089894057126412,0.0934194906108353,0.02973460320886395,0.5354757986186056,1.0984659417943736,0.9999999999999999
000729,22368555,41088,0.18926519840016487,0.18245715916830568,0.4696374888766843,0.22025638222942875,0.2651528004379362,0.013317087312971267,1.3109973353218392,0.09791513130821372,0.5120433572933075,0.6099584886015212,0.09063877393957723,0.09449948823247635,0.024703205012572338,0.03902782276280251,0.0004096375469939833,0.07778088481799562,0.09145052060805894,0.012238474948426486,0.0009872787938246346,0.11054960859116737,0.005605815842820424,0.07262154394863682,0.0004882300175402479,0.2184437483780244,0.1433932589744845,0.09636854056956294,0.011431940954612401,0.6099584886015212,1.3109973353218392,1.0
000786,11852009,29722,0.22173447556443807,0.20145006639802585,0.38059420980864933,0.27842714260510604,0.26287627692486565,0.017352669914442353,1.1843729615797627,-0.04259033215381458,0.5760087593588564,0.5334184272050418,0.08566061669376053,0.09691428685212777,0.05127502012528003,0.04665521263104002,0.0013767286204389483,0.09216555606733003,0.09875119062093186,0.008989783926083754,0.0015435357836802183,0.10061087533767482,0.01083858441214481,0.10863027525544404,0.0016547405591743982,0.15165319229845337,0.10201148176650895,0.1141518707925382,0.012777664951148788,0.5334184272050418,1.1843729615797627,0.9999999999999999
001299,8536537,10957,0.21481403993211767,0.20733407469562892,0.3833184346298739,0.30449033372666223,0.26027088033473056,0.0304850784340301,1.1887849838874944,-0.03882967999787268,0.625731370929453,0.5869016909315803,0.0838639837207992,0.11072405590229387,0.03895396927348877,0.04189661451710454,0.0029588110494923174,0.10592773158483353,0.09110122758209799,0.008749566715402276,0.0015555488132951336,0.06650108820473688,0.009810652727212451,0.13490716434544828,0.003595134654720058,0.1216008318127128,0.12040503075193137,0.11893698814870714,0.02237558391652259,0.5869016909315803,1.1887849838874944,1.0
001358,508634,2101,0.1750413853576442,0.20826763448766697,0.33514865305897756,0.25988824970410945,0.2660065980646201,0.019330206002744606,1.0536063259632664,-0.04816036678633362,0.5645552597742187,0.5163948929878851,0.0725614095793832,0.18267359240632752,0.03958052351985907,0.05640204941077474,0.0028861617587499066,0.09600616553356638,0.10859675129857618,0.0013762351710660317,0.002288482484458373,0.0475784159139971,0.0022255688766382115,0.12327135032262884,0.0019660502443800453,0.1285167723746348,0.11560375436954667,0.07883861479963981,0.01218951151515628,0.5163948929878851,1.0536063259632664,1.0
002022,7116301,8240,0.21017969869458866,0.22743585466663088,0.3953315071973487,0.2554137324995106,0.2512260231825495,0.01284375126909331,1.228278567755917,-0.042284046163870825,0.5323272582202467,0.4900432120563759,0.08052211394655735,0.08930173133486062,0.039669485593709426,0.0362268262683099,0.0018548962445517692,0.11473685556583399,0.10037518086994915,0.010820228093218654,0.0015035901376290856,0.0916908939068204,0.013223161864569809,0.10429603806809183,0.0009696048551066066,0.18478701224133157,0.09795819485432108,0.10407064006989024,0.00851566003180585,0.4900432120563759,1.228278567755917,0.9999999999999998
002030,9756283,11419,0.17595256308165722,0.20598766968936838,0.4914435138874098,0.28346430705218373,0.2324536916364562,0.01311503571595863,1.3648272605458454,0.10950328111638419,0.5421480701205572,0.6516513512369414,0.08666277925722325,0.05033771570586872,0.040119787423140554,0.03504162394633284,0.0011171262662224948,0.1190963812755329,0.0768336670840729,0.00939066650690637,0.0006669548228562046,0.08328479196431673,0.011110891309733431,0.08078814441934495,0.0007687353882621076,0.21824807664968307,0.10438934581950933,0.15824387217959954,0.010562219238617821,0.6516513512369414,1.3648272605458454,0.9999999999999998
002046,32143358,59694,0.17627392881602477,0.2211854467725494,0.44079234036468745,0.26749697402492917,0.26193557623942093,0.028102477656503717,1.279044056317949,0.043332964776113314,0.5856375055773575,0.6289704703534709,0.08943300821276981,0.08629201093426518,0.03508385775997642,0.03783783262470586,0.002534582727790917,0.10027829077472242,0.10701035031871903,0.010542146841036335,0.0033546588380716164,0.07762851037530055,0.00617545932817598,0.09058117076629019,0.0018887883462580357,0.17826615999485804,0.11366590883254948,0.1285358237928968,0.020324447744383148,0.6289704703534709,1.279044056317949,1.0
002114,75656056,70334,0.19120193101263433,0.18039736303462608,0.4720873104989771,0.2707246330683693,0.2534860527226003,0.02285145553979182,1.3157739150452148,0.10048801645171668,0.5699135968705533,0.67040161332227,0.083452428448028,0.08383627610722927,0.03179471845584972,0.03922496303534512,0.001457437855338375,0.08738864209363491,0.08587724953571463,0.0061115927058106225,0.0010198786994659093,0.07050526133691135,0.008695919861326104,0.11008202700917954,0.0019187228052173378,0.21120767913146304,0.12711816486970984,0.11530605031803402,0.018455416179770198,0.67040161332227,1.3157739150452148,0.9999999999999999
002153,80845837,72839,0.20161337435346238,0.20918464855524965,0.4324648280900351,0.27579013128406354,0.23884439467179985,0.018227976290232484,1.2757276790887824,0.02166680518132308,0.5510904785363283,0.5727572837176513,0.08119476578614679,0.07873810496884336,0.037534523886492754,0.03899041826977436,0.001474101876142367,0.11884425168360864,0.08151875525761457,0.007753930483767519,0.0010677111302589395,0.08077269334226819,0.00844998363985025,0.11062701966954712,0.0017636777017968161,0.18878244775918393,0.1113411318878423,0.11841876286097452,0.01392248558203436,0.5727572837176513,1.2757276790887824,1.0000000000000002
002172,15256101,18935,0.16739526042728742,0.2685876293031883,0.4608452054689465,0.2308780598660169,0.2299801240172702,0.01336521041647535,1.3576733006683686,0.024862315738470753,0.4875886047162378,0.5124509204547085,0.0816381721646966,0.04925249249464198,0.0164589890955756,0.03689015954994005,0.0005702636604201821,0.1717739021261068,0.08620813404420959,0.009963227170559502,0.000642365962312389,0.08294386619490786,0.00636466683066663,0.07803428936397314,5.2438037739786856e-05,0.22180634488458092,0.12094833404681839,0.10599038378154418,0.012100142756002992,0.5124509204547085,1.3576733006683686,1.0
002215,13056336,16163,0.20280858274480681,0.18322138768487575,0.4651458111984863,0.3098265087540639,0.2775217335093092,0.0232760553956332,1.3163215928266552,0.07911584076880374,0.6339003530546395,0.7130161938234433,0.09912275541928454,0.07545148960627239,0.03863105238713219,0.03232905464442704,0.0024126217339994925,0.07593248212974911,0.09669634727537649,0.008938189090721929,0.0016543691890282236,0.08588167461376607,0.008175111302282661,0.10726592820527903,0.0014858686234790527,0.1521100559912061,0.13401922254451784,0.16129333681363592,0.017723195849126433,0.7130161938234433,1.3163215928266552,0.9999999999999999
002448,10420200,15493,0.21357555517168578,0.16903706262835647,0.49980806510431663,0.38546285100094047,0.28105026774917946,0.050325329648183335,1.3822287480086755,0.11719544730427439,0.7671637780464865,0.8843592253507608,0.1096696800445289,0.05379935126005259,0.030786357267614826,0.031016679142434885,0.0019769294255388573,0.05616974722174239,0.10330895760158154,0.008224410280033012,0.0013339475249995202,0.059211915318324024,0.007629412103414522,0.14413350991343737,0.002600717836509856,0.1139805378015777,0.13932554077656858,0.20208825166503522,0.044413734861135104,0.8843592253507608,1.3822287480086755,1.0
002495,87363489,44609,0.24279825866386814,0.20394340020005383,0.42762340913376296,0.28004699995440885,0.2582308382853162,0.0094246808297686,1.3019884771314478,-0.01911824973015902,0.5571271998992623,0.5380089501691032,0.08458343507778175,0.06136643649843243,0.0309188658891588,0.03274846314803201,0.0006011664666918236,0.1175147663802667,0.07973773803836978,0.006334602776681687,0.0003562930047356511,0.09448615313429161,0.019611854100744536,0.12684043559661404,0.0018598158322179646,0.1789301249175156,0.12796238025704307,0.11412349843308113,0.006607405526123161,0.5380089501691032,1.3019884771314478,1.0
002554,40386921,27603,0.133807031241624,0.207457731179854,0.5752446194152805,0.25434008698013894,0.30655790769491936,0.01869417081832012,1.491754001252039,0.23397985699380253,0.5982863363116986,0.8322661933055011,0.10014488106186654,0.03750417121424037,0.023035427731665902,0.02189869834345629,0.001052320873878947,0.09593224499584903,0.10287716659559168,0.007558857977809202,0.0010894616106040865,0.05478701879749635,0.006511266357739923,0.07128062572534312,0.0012281203610446064,0.23218439949903583,0.17413404700992186,0.15360190493353035,0.01532426797279248,0.8322661933055011,1.491754001252039,1.0
002673,17873730,14369,0.123529447966373,0.3001179943973642,0.4697955043519176,0.30746531361948515,0.27396262559633605,0.012435456952745734,1.3632384510675724,0.04614806198818039,0.6062988531213127,0.6524469151094932,0.09593359640097505,0.04383063859642056,0.025662466647980026,0.03634680617867675,0.0007171418612679054,0.13492835574891196,0.14685384639915675,0.017252470525178573,0.0010833217241169022,0.04519812036995076,0.0023209481177124194,0.07592086262912107,8.9516849588754e-05,0.18217948911614978,0.09912536443148688,0.17794517428650874,0.010545476517772172,0.6524469151094932,1.3632384510675724,1.0000000000000002
002766,8912480,6020,0.2203905085902016,0.19173630684164228,0.46601551981042316,0.36060445577437483,0.1871084142685313,0.01493411485916378,1.3441578550526903,0.05388870437857929,0.5775810997612337,0.631469804139813,0.08490911620559036,0.0583422347090821,0.03060876433944312,0.032255892860348634,0.0006507728488591278,0.10249964095291098,0.07813762274922356,0.008810117946968746,0.0022889251925390015,0.07845178895212107,0.004544189720481841,0.1358349191246432,0.001559610792955496,0.19805935048381595,0.07381783745938279,0.18370352584241423,0.010434806024810154,0.631469804139813,1.3441578550526903,0.9999999999999999
002803,17615057,29590,0.22776979943919567,0.1551009457420433,0.43592160956390885,0.24164639376415303,0.24603780731450373,0.03209969743498417,1.2547139643090568,0.05305086438266987,0.551883595948625,0.6049344603312949,0.08848116699253372,0.09897861812198508,0.04005471001314387,0.03951886161935213,0.0026554555003710746,0.05766135187640892,0.08897024857767988,0.005943097430794575,0.0025262478571599287,0.12054505415452246,0.00900343382368845,0.09615069653194991,0.002070614929034859,0.20303107733344264,0.10800941489999152,0.10003373818205641,0.02484737914841831,0.6049344603312949,1.2547139643090568,0.9999999999999999
002825,18470292,28475,0.21622478951605095,0.2006979640603408,0.44448701731407386,0.3154890566971004,0.2546163319995158,0.02680807645055097,1.3058967882045396,0.027564263737682115,0.6237215415977182,0.6512858053354003,0.09052609455226805,0.06701518308427393,0.03300651662680806,0.03641485472996312,0.002153674668489269,0.09303496663723562,0.09968174839899661,0.006191889115775755,0.0017893599083327973,0.07574904608979652,0.01058109963827318,0.1267336217532457,0.0031610220347355633,0.1672873390415268,0.1113469673354379,0.14614869109811582,0.01970401983899334,0.6512858053354003,1.3058967882045396,1.0
002830,2603600,6652,0.15835765862651713,0.1861269012137041,0.3993701029343985,0.1862805346443386,0.19811030880319558,0.022315255799662006,1.1432247657090182,0.054885543094177314,0.4290213550468582,0.4839068981410355,0.06011676140728221,0.1582040251958826,0.04424642802273775,0.04946996466431095,0.004224919342448917,0.10243508987555693,0.07432017206944232,0.007259179597480412,0.0021124596712244585,0.07977415885696727,0.005569211860500845,0.07021047779996928,0.0028038101090797356,0.252880626824397,0.07397449685051467,0.05934091258257797,0.013174066676908895,0.4839068981410355,1.1432247657090182,1.0
002920,4324725,16783,0.17995386989924214,0.21590182034695848,0.3469235616137442,0.24814895744816146,0.28875500754383226,0.047756100098850215,1.089702813473689,-0.048932128632456384,0.6324161651896942,0.5834840365572378,0.08096736786732103,0.14784107660024626,0.055431732653521325,0.04867361508535225,0.00527432380093532,0.09966691523738504,0.10513639595581221,0.006842053540976594,0.004256455612784628,0.060304412419286774,0.006306759389325333,0.1076544751400378,0.005688222950592234,0.10752753065223801,0.12188011954517339,0.0849788136817948,0.032537097734538035,0.5834840365572378,1.089702813473689,1.0
002972,4866536,8484,0.19175980615369947,0.136200780185331,0.46217145008276933,0.2663750971943904,0.19616293807340582,0.01945654979229579,1.252303486504569,0.13421086374373886,0.5014511348523878,0.6356619985961267,0.07218308875142401,0.1256589902961778,0.041881946419383316,0.03965161256384418,0.0026754142987948717,0.07294058854182935,0.05758387485472213,0.004874925408956185,0.0008013913798233487,0.0802829774607647,0.006817991277574028,0.10209027530054232,0.002568562114818425,0.2391228586411361,0.08987912552172633,0.11975828392104775,0.013411181998859148,0.6356619985961267,1.252303486504569,0.9999999999999999
300009,11295736,10829,0.1667006913051084,0.26939041422356186,0.43478406365021277,0.3279526008752329,0.2484217053231414,0.011510803722749895,1.305659232829096,-0.0013070418784574822,0.5993959136438741,0.5980888717654167,0.08889124179247816,0.05837955136345255,0.032329013355127986,0.03805860901848273,0.00035765708405366414,0.1294388431174383,0.12017100966240712,0.018977072410332536,0.0008034890333839246,0.05689881562387789,0.004429370516449747,0.1046424066568128,0.0007300985079679624,0.16739767997410704,0.09149231178915655,0.16627451278960487,0.009619559097344342,0.5980888717654167,1.305659232829096,1.0
300022,8146800,6884,0.1577799872342515,0.24635451956596455,0.4861415525114155,0.3363774733637747,0.19383070653508125,0.07579663180635342,1.376417611823047,0.08200704571119949,0.6818014435115628,0.7638084892227623,0.09906466342613049,0.06462647910836157,0.017896597437030492,0.026501202926302352,0.0006996612166740315,0.12800130112436786,0.0994132665586488,0.014631511759218344,0.004308440123729562,0.05556795306132469,0.002123533166396622,0.09933974075710708,0.0007487602494230864,0.1457994550007365,0.07439730937300536,0.19590501792114695,0.07003977021652673,0.7638084892227623,1.376417611823047,1.0
300037,15172866,42342,0.17436428951524385,0.23771718540188783,0.3797652335425621,0.28568472166036396,0.26247203395851515,0.03623758359165632,1.1716119420022557,-0.032316241374569565,0.6206319228021917,0.5883156814276221,0.08124453218001135,0.11606857926511709,0.04029383769684646,0.04933062745034458,0.0024602471279980987,0.1263866694664014,0.10081912013195134,0.008010879421198342,0.002500516382336732,0.04939435964174468,0.007755884748471383,0.11303052435841719,0.004183520766610606,0.1237560524162014,0.11360319138124597,0.11531269043040385,0.02709329931471088,0.5883156814276221,1.1716119420022557,0.9999999999999999
300050,10616395,12582,0.19792066892763505,0.22554737271927053,0.43293415514400135,0.27921040993670637,0.21926426060823848,0.009089337764843905,1.2893363519349084,0.009466113497095807,0.5166533460746326,0.5261194595717285,0.0784183331535799,0.06943844873895517,0.03244943316445931,0.04084371389723159,0.0008662074084470294,0.13409533085383504,0.07649489304043416,0.01373262769518278,0.0012245211298185495,0.08578241484044254,0.008364421255991322,0.10304853954661634,0.0007252932845848331,0.20311979725697848,0.1019555131473537,0.12158552879767567,0.0062733159419934926,0.5261194595717285,1.2893363519349084,1.0
300115,162561490,320685,0.1863650363933057,0.21868112183272925,0.4387246942679967,0.27597291953955394,0.2996430704467583,0.024004282933184237,1.2824955467620285,0.03367853604196175,0.6236245558526807,0.6573030918946425,0.10055709627169387,0.07918277569921388,0.03685418360769208,0.03854705071908482,0.0016451374799775764,0.08920753617600331,0.1158527766939144,0.011492192892670951,0.002128616070140597,0.09009871280092228,0.007055551717691564,0.08760871962972289,0.0016020522449689653,0.14189070240436402,0.13988055842746028,0.13832495629807526,0.018628477138097097,0.6573030918946425,1.2824955467620285,1.0
300265,11282900,15087,0.19983514876494518,0.19570624573469586,0.4405279671006567,0.2606810305861082,0.2860879738365137,0.02079385618945484,1.2765973287009544,0.044986572601015684,0.5883567168015316,0.6333432894025472,0.0921279635554689,0.07992714638966933,0.03788050944349414,0.04514672646216841,0.0009762561043703303,0.07184748601866542,0.11307261431015075,0.008458375063148659,0.0023277703427310357,0.09385087167306277,0.008982265197777168,0.09586755178190004,0.0011344601122051956,0.1868116353065258,0.1261525848850916,0.11120837727889106,0.01635536963014828,0.6333432894025472,1.2765973287009544,1.0
300271,33992299,32609,0.16309394077758613,0.25584068320886444,0.44028990213342145,0.239557877506314,0.27199619537354625,0.023331196280663453,1.2995144282532936,0.021355278146970913,0.5582164654411871,0.579571743588158,0.09656316567467237,0.08518650062474445,0.022642540300083853,0.032282106014659376,0.0006643269406402903,0.09683322684352712,0.1314254737521578,0.023671626329245927,0.003910356283933605,0.09709772792949367,0.003541155012786867,0.06219988239100862,0.00025517544429695676,0.18599727544171107,0.1143870263085177,0.12140426277140008,0.0185013376117926,0.579571743588158,1.2995144282532936,1.0
300383,39518155,32963,0.19486031167193915,0.24512417140931808,0.4118115585102594,0.2666644735818259,0.23820967856419412,0.011172459847885105,1.2636076001017762,-0.028172924570997848,0.5272190718417903,0.49904614727079244,0.08261995024818339,0.07244401971701361,0.03921195207620396,0.03569379693965976,0.00085418967560606,0.1366487377763461,0.09196927336309096,0.014522641555507842,0.0019835187143731788,0.09208977494015093,0.007170248712269082,0.09448143517833765,0.0011188528411814772,0.1827708555725843,0.09985820441263009,0.12196659990832062,0.007215898616724389,0.49904614727079244,1.2636076001017762,0.9999999999999999
300436,8188400,30667,0.20573005715402276,0.20754970445996776,0.30819207659616044,0.30903534267988864,0.2104318303942162,0.02449745982121049,1.0296639148063114,-0.10508768501783006,0.5684620927165258,0.46337440769869576,0.06647452493771676,0.16892188950222264,0.059388891602755116,0.047189316594206436,0.003028064090664843,0.12499389380098676,0.0737750964779444,0.007205314835621123,0.0015753993454154659,0.05626251770797714,0.010441600312637389,0.13243124419911093,0.006594694934297298,0.10585706609349813,0.06682624200087929,0.12220946705095012,0.013299301450832886,0.46337440769869576,1.0296639148063114,1.0
300443,6732250,21627,0.17762397415425749,0.20466545360020796,0.3643493631401092,0.24583311671432284,0.2721540346837981,0.021031601619072377,1.1109881540346838,-0.017940064614356266,0.5600503546362656,0.5421102900219094,0.08180623120056443,0.16079037468899698,0.03872405213710127,0.05237624865386758,0.0014705336254595418,0.07608303316127595,0.1179782390731182,0.007633554903635486,0.002970626462178321,0.07540569646106428,0.004523004938913439,0.09661836681644324,0.001076905937836533,0.14870214267146942,0.11092873853466523,0.08920494634037654,0.01551353559359798,0.5421102900219094,1.1109881540346838,1.0
300476,33896766,164523,0.23525725138498463,0.18273687230221314,0.3437885490314917,0.26263201628143523,0.24951713682656335,0.01958903690104242,1.1055712217501812,-0.0742055746557061,0.5513272269100834,0.4771216522543773,0.08884525444108739,0.15063864794653273,0.040179172254957894,0.04596479793972086,0.0014347091400990879,0.08538242261813413,0.08773462341510692,0.007702062196729918,0.001917764072242172,0.12247191959256526,0.006755806733893139,0.10455136044541831,0.001478164613107929,0.10976881983372691,0.1148475344226054,0.10441379569956614,0.01475839907559323,0.4771216522543773,1.1055712217501812,0.9999999999999999
300541,9338299,11503,0.164747027269099,0.2564267860774216,0.43107882923860114,0.2853821664952043,0.2948713679011563,0.03885889710749249,1.2833314718237228,0.009905015892080538,0.6579713286113456,0.6678763445034261,0.099128974131156,0.07587805873425128,0.034675908321204964,0.035980535641448194,0.001212854717973798,0.11474648648538668,0.12514227698213562,0.012585482645179813,0.0039525399647194846,0.06484339385577609,0.00544242586363962,0.092429788337255,0.002031419212428302,0.12541962942073284,0.1296107567341761,0.1443863598713213,0.031662083212370906,0.6678763445034261,1.2833314718237228,1.0
300599,4712047,7306,0.17773676705686509,0.20675748777548272,0.467715198935834,0.3378881832036056,0.24034140576271842,0.019407913376076256,1.3199246527040158,0.08322094410348624,0.6170454157184766,0.7002663598219628,0.09354554400667056,0.07178430096304218,0.0322469194386219,0.041838504581978915,0.001920821248175156,0.11328409924603892,0.08330795512014205,0.008658657267213167,0.0015067761420885658,0.06699933171294768,0.010908210380753841,0.09711278346756728,0.0027164414955962875,0.15029476573557096,0.11387832082320062,0.1902782378868462,0.013263874490216248,0.7002663598219628,1.3199246527040158,0.9999999999999999
300892,5571963,14622,0.189344401604964,0.1977093171652432,0.36014488969147856,0.211418130378827,0.2752530840567319,0.030258635960073676,1.1073434981531642,-0.026908829078728658,0.5471884863557063,0.5202796572769777,0.07831114456431243,0.15043172397232357,0.045172589983099316,0.05283595745341453,0.004361120129476811,0.0789899358628189,0.10744866755217147,0.00791462542016162,0.0033560883300912084,0.08880532767356854,0.008668399269700821,0.08837101036026263,0.0034996643014320087,0.16484316209565641,0.11396342725176029,0.06229653714498822,0.019041763199073646,0.5202796572769777,1.1073434981531642,1.0
300904,1562200,7793,0.1627832543848419,0.190052490078095,0.2836384585840481,0.22231468441940852,0.2504160798873384,0.025988989886058123,0.9201126616310331,-0.06919728587888874,0.5247087440788631,0.4555114581999744,0.061720650364870046,0.24516707207783894,0.06337216745615158,0.051913967481756494,0.0030725899372679557,0.10715657406221994,0.07611061323774165,0.005184995519139675,0.0016003072589937269,0.04890538983484829,0.008641659198566125,0.10158750480092178,0.003648700550505697,0.1000512098322878,0.10229163999487902,0.06362821661759058,0.017667392139290743,0.4555114581999744,0.9201126616310331,0.9999999999999999
300919,9430840,25836,0.14463918378426524,0.24309700938622647,0.39971529577428944,0.2804861496961034,0.3053883853400121,0.030633538475893982,1.1871667847190706,0.011979102603797753,0.6471416119879035,0.6591207145917013,0.08885918963740239,0.11647223365044895,0.04290370741100474,0.05030633538475894,0.0028662346090061967,0.09874412035407239,0.1312959397042045,0.009566274054060932,0.003490675273888646,0.04078014259599357,0.005174512556675758,0.0956137523274703,0.0030707763041256135,0.12749542988747556,0.12601422566812712,0.12499978792981326,0.021205852288873527,0.6591207145917013,1.1871667847190706,0.9999999999999999
300989,4461088,8784,0.1671341161617973,0.16821412175684497,0.49624665552439223,0.21410920385340976,0.31453537791677727,0.04248739320990754,1.3278415489674267,0.16089841760574997,0.6136193681900021,0.774517785795752,0.09845176781986816,0.10502146561556285,0.02195876880258807,0.03978625841947077,0.0016386137193438012,0.06155628402757354,0.0903613647612421,0.012104670430173088,0.004191802537856236,0.08397054709523775,0.0035865690163475817,0.07833739213393684,0.0012396079162751328,0.1783197282815313,0.1986286753365995,0.08388088286982906,0.03541736903643237,0.774517785795752,1.3278415489674267,0.9999999999999999
301045,2041300,6232,0.13231764071914956,0.24714642629696762,0.3618772350952824,0.21256062313231763,0.23754470190564836,0.021848821829226473,1.103218537206682,-0.017586831920834767,0.49380296869641893,0.47621613677558416,0.06674178219761917,0.16602165286827023,0.04075834027335522,0.05011512271591633,0.001763582031058639,0.11590653015235389,0.12193210209180425,0.006809386175476412,0.002498407877333072,0.04800862195659629,0.005045804144417773,0.07529515504825357,0.003968059569881938,0.19810904815558714,0.06980845539607113,0.08034095919267134,0.013618772350952824,0.47621613677558416,1.103218537206682,1.0
301081,1946238,3938,0.18816712036246339,0.15143985473513516,0.35138662383531716,0.24414280267880906,0.1672251800653363,0.017079103377901368,1.0423802227682328,0.01177964873771864,0.44552618949994804,0.4573058382376667,0.05938040465760097,0.1914565433415646,0.06371266001383181,0.050394658823843745,0.0034425388878441382,0.09914409234636257,0.04087886476371338,0.0107797710249209,0.0006371266001383182,0.09279440643950021,0.010430379018393434,0.08273294427505783,0.0022093906295119095,0.1881578717505259,0.05220327626939768,0.1002354285549866,0.010790047260407,0.4573058382376667,1.0423802227682328,0.9999999999999999
301086,1279600,6500,0.19635042200687716,0.16544232572678963,0.3338152547671147,0.2977102219443576,0.23491716161300408,0.039660831509846825,1.0294232572678963,-0.027977492966552053,0.6119490465770553,0.5839715536105032,0.08029853079087215,0.20940137542982182,0.03985620506408252,0.05247733666770866,0.0026570803376055017,0.05872929040325102,0.098155673648015,0.00437636761487965,0.004180994060643951,0.06455142231947483,0.002305407939981244,0.12832135042200687,0.001172241325414192,0.09502969678024382,0.09459987496092528,0.11253516723976242,0.031650515786183185,0.5839715536105032,1.0294232572678963,0.9999999999999999
301133,7102663,15840,0.19806613378672197,0.18166031529301052,0.41218737253900406,0.2887543728317111,0.2621270360145202,0.042054649080211184,1.2041011941577406,0.03246092345927154,0.6349907070066536,0.6674516304659251,0.09053409967500922,0.1229921791305599,0.0431801424339012,0.03765179341889092,0.00426206339791146,0.0676647617942735,0.10543538388348145,0.00577248279976116,0.002787686815494414,0.07572737155064234,0.006115171168898201,0.11254891299221151,0.003674678074969909,0.14067962959808172,0.10739633852823934,0.13278118362084756,0.0313302207918354,0.6674516304659251,1.2041011941577406,1.0
301310,416430,1383,0.18202338928511394,0.1793674807290541,0.3472612443868117,0.25311817112119683,0.2915496001728982,0.03048291429531974,1.0559133587877914,-0.014129625627356313,0.6056335998847345,0.5915039742573782,0.07723266815551233,0.1835122349494513,0.05186946185433326,0.051883870038181686,0.004082318757054007,0.06003409936844128,0.10397906010614029,0.010085728693898134,0.005268592560574406,0.05811300818865115,0.0019210911797901207,0.11886751674951372,0.0031217731671589464,0.12318997190404149,0.13377998703263452,0.0722810556396033,0.018010229810532383,0.5915039742573782,1.0559133587877914,0.9999999999999998
301469,633439,2224,0.16738470476241596,0.12376882383307627,0.3907242844220201,0.3150358598065481,0.16812984359977834,0.023478188112825385,1.0726020974395325,0.09957075582652786,0.5301220796319772,0.6296928354585051,0.06946209500835913,0.20903512413981457,0.054622465620209684,0.0502021504833141,0.00426244673914931,0.048939203301343936,0.0707250421903293,0.0034731047504179564,0.000631473590985083,0.06062146473456797,0.00805128828505981,0.0969753993675792,0.0017365523752089782,0.17476031630512173,0.03473104750417957,0.1643852052052368,0.016847715407482016,0.6296928354585051,1.0726020974395325,1.0
301518,3999229,10699,0.17723666236667118,0.2171618579481195,0.3327116301667146,0.2455473292477125,0.2528237317742995,0.03873246568276035,1.05982178064822,-0.0616868901480761,0.5758359923875327,0.5141491022394566,0.07905973876464688,0.172130428140024,0.04423352601213884,0.05281017916203348,0.0037157162042983785,0.09445320585542863,0.1109213800960135,0.0076114671102855075,0.004175804886391852,0.07398926143014066,0.005050973575156612,0.09408563500614743,0.00411079235522647,0.12232357786963437,0.09261785209099054,0.09104004796924607,0.026730152236843652,0.5141491022394566,1.05982178064822,0.9999999999999998
600037,17262300,13290,0.1638438678507499,0.22375477195970409,0.5056845263956715,0.33871633559838493,0.3251884163755699,0.023002554700126868,1.398967692601797,0.11808588658521757,0.7099098613742085,0.8279957479594261,0.11114974250244751,0.04606570387491817,0.023570265839430435,0.035968613684155645,0.0011122503953702578,0.09590842471744784,0.1127846810679921,0.013713236359001986,0.001348429815262161,0.05419903489106318,0.004640227547893386,0.10333622981873794,0.0016683755930553866,0.11691952984248913,0.18419324192025396,0.18569825573648935,0.01887349889643906,0.8279957479594261,1.398967692601797,1.0
600054,7131276,9592,0.23776291928681487,0.16539788952215564,0.41654551022846403,0.36120842889827853,0.20207786096064714,0.012441672430011123,1.2362518292658986,0.013384701419493494,0.5881696347189479,0.6015543361384414,0.08466296915166374,0.10124779913160001,0.03641690491294966,0.041356413634810935,0.0012725632832048571,0.08851108833818801,0.06791210997863496,0.007972065588262184,0.0010026256170704935,0.08668518789624746,0.007674082450321654,0.14079542006227216,0.002608228877973591,0.14782796234502774,0.09007476361874088,0.17108452961293322,0.007558254651762181,0.6015543361384414,1.2362518292658986,1.0
600066,9055802,31101,0.20467541141027598,0.21260402999093841,0.26883317457691763,0.21073925865428594,0.23547334625911653,0.008679518390530182,0.9549457905550497,-0.1484462668242968,0.46357164169446285,0.31512537487016606,0.07324303247796275,0.19446505124559924,0.056797840765511434,0.06121103354512389,0.0014134584656334138,0.09892475564284643,0.10236078483164716,0.009905031050811402,0.0014134584656334138,0.12336963639443531,0.00950771671023726,0.07099746659655323,0.0008005917090501758,0.12834843341318639,0.06680700395172068,0.06862572746179742,0.005052009750213179,0.31512537487016606,0.9549457905550497,1.0000000000000002
600119,10683300,11496,0.24768610822498666,0.13092443346157087,0.4984784663914708,0.3472513174768096,0.27978246421985714,0.0384909157282862,1.375567474469499,0.11986792470491331,0.7040156131532391,0.8238835378581524,0.10495998427452191,0.055375679799312946,0.03636516806604701,0.029615849035410407,0.0015542950212013142,0.04148577686669849,0.08350416069940936,0.004455552123407562,0.001478943772055451,0.09021557009538252,0.013329214755740268,0.13915176022390086,0.004989563149963026,0.14739827581365308,0.14658392069866052,0.17402815609409078,0.030468113785066413,0.8238835378581524,1.375567474469499,1.0
600227,69782360,28448,0.19408119759778833,0.24012601465470643,0.45319699706344124,0.32766962882883294,0.2947566691639549,0.009634239942587209,1.3406012063793773,0.018989784810946486,0.6416947778779623,0.6606845626889087,0.0998187507559217,0.03769577297185134,0.03218865054148355,0.04192893447570418,0.0007824326950249318,0.12253669838623973,0.10049387839562893,0.01623848777828666,0.0008569500945511157,0.07655493451353608,0.011750820694513628,0.10485114003023113,0.0009243023595074744,0.13115205619299777,0.1503233195323288,0.16465106654461098,0.007070554793503688,0.6606845626889087,1.3406012063793773,1.0
600233,9007798,27522,0.24857306968917375,0.18657079121889722,0.35027450659972614,0.31713677415945607,0.2091188101687005,0.012899267945395755,1.1356928741075234,-0.08486935430834486,0.5520541202189481,0.4671847659106032,0.07711989100998935,0.11169211387733162,0.05489687934831576,0.04690469302264549,0.001087946243909999,0.11141457657021173,0.06759698652212227,0.0069604136327213375,0.0005988144938418912,0.10273320960350132,0.013055354926919987,0.13055310520950847,0.0022313999492439775,0.13500524767540303,0.07356958937134248,0.13271856229458076,0.008981107258399889,0.4671847659106032,1.1356928741075234,1.0
600355,11689702,2210,0.2517340476258505,0.19387970711314967,0.39898399463048756,0.37249863170164643,0.22676352228653904,0.017827828288522668,1.2435817439999752,-0.04662976010851261,0.6349178105652309,0.5882880504567183,0.09582618958122285,0.07825708474005583,0.04042019206306542,0.03658810121934674,0.0001368726080442427,0.08213229045530844,0.09997671454755647,0.01170226580626264,6.843630402212135e-05,0.1013454406279989,0.012763370700125632,0.13631639198330292,0.001308844314423071,0.12117520189992867,0.07360324497579152,0.18789187269273416,0.016313675062033232,0.5882880504567183,1.2435817439999752,1.0
600375,32537399,18743,0.20146659540917822,0.24802532617926837,0.42062676859942,0.24418365463078348,0.3216790930338347,0.017791803210822108,1.2907454587872866,-0.028865152989026588,0.6014463540862625,0.5725812010972359,0.10194606520330651,0.04939850908181075,0.036588757448006215,0.04245572917491038,0.0014383141074060652,0.09487230371425817,0.13738648869874326,0.01402389293624853,0.0017426408300184044,0.11189585252343004,0.011469878093205913,0.0770313877885568,0.0010694770039854752,0.16017878380506076,0.1362339687938793,0.11067264473106778,0.013541371269412161,0.5725812010972359,1.2907454587872866,0.9999999999999999
600391,4134461,6911,0.15449583391885907,0.23218020438456186,0.3719650517927246,0.25098942764244236,0.2509637894758229,0.03082747666503566,1.1306061418888702,-0.0147109865106963,0.5636081704483366,0.5488971839376402,0.07344826810556443,0.1355194788389587,0.04530941276263097,0.05696123388272377,0.0035687844195410236,0.117887192550613,0.10044114577450362,0.011602479742825002,0.0022493863166202317,0.05432388889386065,0.00539368976996034,0.09228337139956092,0.002494883855477171,0.15948874593326676,0.09981954116872792,0.09014234261733271,0.022514422073397232,0.5488971839376402,1.1306061418888702,1.0
600439,15143700,9019,0.161992115533192,0.22501370206752644,0.49746759378487426,0.23630948843413432,0.3307157431803324,0.007722023019473444,1.381941005170467,0.11046177618415581,0.5824692776534136,0.6929310538375695,0.09622588931370801,0.04283365359852612,0.034179229646651745,0.037120386695457516,0.0013933186737719316,0.09832075384483316,0.11931034027351307,0.00657038900664963,0.0008122189425305573,0.07422492521642664,0.009021573327522335,0.0780958418352186,0.0006497751540244458,0.2098734127062739,0.16820459993264525,0.11452287089680857,0.00486671024914651,0.6929310538375695,1.381941005170467,1.0
600480,9087820,9241,0.2647703189543807,0.15933898338655475,0.45727237115171737,0.4137422396130205,0.23608302101053938,0.025121426260643367,1.3386540446443702,0.033163068810781904,0.7000681131448465,0.7332311819556284,0.09853278343981284,0.05353649169987962,0.03833438602437108,0.025137381682295644,0.0016100671008008522,0.060343844838476116,0.08990406940278306,0.006579355665054985,0.0025117134802405856,0.07833022661100242,0.008295938960058627,0.17596211192563233,0.002182041457687322,0.1328427499664386,0.0995486266233266,0.20606339034003754,0.018817604221914606,0.7332311819556284,1.3386540446443702,1.0
600533,24852051,13862,0.1904409821145144,0.2031903926158851,0.5083645611382336,0.2563209772907677,0.30342167734968833,0.007784025551854855,1.4103604970068666,0.11473318640783409,0.5753107057441658,0.6900438921519998,0.09903370148403445,0.03421645159186258,0.03069774804502051,0.0317378634061229,0.0013520010883608762,0.10031365218106143,0.09318542763331686,0.009282936044192088,0.0004083767573147182,0.09578086734169344,0.011367190579159844,0.08211394705410834,0.0011789771395527878,0.20216234869307165,0.16817131109219113,0.13318623078634437,0.004844670566626473,0.6900438921519998,1.4103604970068666,1.0
600577,43716459,37232,0.15499043506703047,0.2713778350620758,0.46226804417073214,0.2949267917605129,0.2844313854422656,0.029325339456244614,1.3509043584705704,0.035899774041625865,0.6380088561152677,0.6739086301568935,0.09741329232543741,0.043188264630490775,0.026042822910245317,0.040840178752812525,0.0012924194066129646,0.1327432763939092,0.11980613525903368,0.015909614271366307,0.0029188091377666246,0.06018861225699913,0.0049958300602525926,0.08856389763864451,0.0012420951111342298,0.15519633005957778,0.133586597212734,0.14961310109768955,0.023872015800730794,0.6739086301568935,1.3509043584705704,1.0
600598,19600200,26545,0.18566565647289313,0.25060376934929235,0.443945265864634,0.27494617401863247,0.35501678554300464,0.028540525096682687,1.3241599575514535,0.007675840042448534,0.6870440097550026,0.6947198497974512,0.10711421312027429,0.045402597932674156,0.032735176171671716,0.03980061427944613,0.0018469199293884757,0.09827960939174091,0.14064570769686024,0.009561126927276252,0.002117325333414965,0.07439720002857114,0.008316241671003357,0.10094794951071928,0.0020042652625993614,0.123417107988694,0.17331966000346935,0.1246364833011908,0.022572014571279886,0.6947198497974512,1.3241599575514535,0.9999999999999999
600710,8520508,15398,0.16490777310460833,0.22734747740392944,0.46556989325049636,0.2722214450124335,0.3325505944011789,0.021236175120075,1.3233950370095304,0.07331464274195859,0.6472443896537625,0.7205590323957212,0.10253125752595973,0.0730699390224151,0.03036203944647432,0.03801885990835288,0.0007240178637236183,0.10174358148598651,0.11744604899144512,0.006902053257857395,0.0012557936686404144,0.06440930517288405,0.010891369387834622,0.08826997169652326,0.0013371268473663777,0.1347689597850269,0.17385113657542484,0.1390305601497,0.01791923674034459,0.7205590323957212,1.3233950370095304,1.0000000000000002
600725,14326504,11786,0.16943617228599525,0.15595598200370447,0.6030009833522539,0.3179159409720613,0.31820882470699063,0.014113701430579296,1.5313941209942077,0.27760882906255424,0.6643521685402104,0.9419609976027646,0.10878712629403517,0.02949637957732047,0.022502349491543786,0.019273089931779588,0.00033504335740247587,0.06098487111719649,0.0910913088077873,0.003349316762833417,0.0005304853158872534,0.05456181075299319,0.009028022468007548,0.10495987018186712,0.000886468883127384,0.20471847144285862,0.195587143939652,0.19033366409558117,0.012361703874162182,0.9419609976027646,1.5313941209942077,0.9999999999999999
600827,7679595,9875,0.20198239620709166,0.16980791304749795,0.4889358097660098,0.34238276888299446,0.2758818661661194,0.0275195501846126,1.3496619287866092,0.1171455005114202,0.6733037354183391,0.7904492359297592,0.09750162606231187,0.06727620401857129,0.03212005320593078,0.038454241402053106,0.00142338235284543,0.06850621679919319,0.09577327971071391,0.004304393656175879,0.0012240228814149705,0.06061621739167235,0.011380808493156215,0.128240486640246,0.0017448836820170856,0.15781717655683666,0.13660772475631852,0.17138364718451948,0.023127261268335114,0.7904492359297592,1.3496619287866092,1.0
600862,9695103,14478,0.18813972373475557,0.25940601146785136,0.37792625823572995,0.30675641094272027,0.263838971076429,0.029475292835981215,1.2033982516740669,-0.06961947696687698,0.6295459676911117,0.5599264907242347,0.08438705602199378,0.09061667524316142,0.04081008731934049,0.04226577066793411,0.0008354733312271154,0.1361530661407104,0.10990290665297728,0.012038861268415612,0.0013111774057480358,0.053632849491129696,0.00595001414631696,0.12712768497663202,0.0014291751206769025,0.119526734269868,0.10717596295779426,0.12532409402973851,0.025899466978329164,0.5599264907242347,1.2033982516740669,1.0
601077,53765102,37550,0.2099413667996017,0.20134750232595114,0.4758269220804231,0.26980819268230904,0.28802303769459975,0.008956274276202433,1.3629427132863992,0.06453805295487025,0.5757437789293137,0.640281831884184,0.10185729769470167,0.04832874677704508,0.03533386768242344,0.027967342087438056,0.0012542522471174703,0.10106741729979421,0.09235862697703057,0.007378168835241864,0.0005432892138845008,0.11245863534305207,0.013791827271154437,0.08252100033214854,0.0011699038532466655,0.1713576959269974,0.1465387157639913,0.1519416814274806,0.005988828961953797,0.640281831884184,1.3629427132863992,0.9999999999999998
601388,74677392,41254,0.2219946700870325,0.18463210391707305,0.5087021651747025,0.2895436546578916,0.1912592769710008,0.015092773995106846,1.4240311043535105,0.10207539117059694,0.5109884796191061,0.613063870789703,0.08952041067529513,0.03804764633451581,0.01929313492897556,0.026473259805323678,0.0008570197523769978,0.09959891207770084,0.07246893410525103,0.011868853159735413,0.0006954045743857793,0.11644434503015316,0.004225750144032882,0.10092365035993758,0.0004009245529088643,0.2500133909336309,0.09527145779274135,0.15027789133289496,0.013139425115435205,0.613063870789703,1.4240311043535105,1.0
601778,48134200,20142,0.17743517083487417,0.21844551275392549,0.4962583776192395,0.3516667982432449,0.2322631309962563,0.007474934661841269,1.3883974388272788,0.10037769403043983,0.5988797985631839,0.6992574925936237,0.09657291489211414,0.048333617261739056,0.02118452160833669,0.03760112352547669,0.0007416763964083749,0.1094793307045718,0.09199903602843716,0.015764259092287812,0.0012028869286287089,0.0726946744726203,0.004061561218426815,0.10055843869847218,0.00012049644535486203,0.17808751365972636,0.11501801214105563,0.19774297692700823,0.005409874891449323,0.6992574925936237,1.3883974388272788,0.9999999999999999
601878,13066157,11927,0.13418627986790607,0.29380666404054384,0.4511044065979002,0.3202898143654634,0.3150911932253684,0.012398442786199492,1.3302017571042501,0.0231114626894503,0.6601778931632307,0.683289355852681,0.09778195685234764,0.0445287011322457,0.02989065568399339,0.04623754329601275,0.0002457493813980652,0.12665032266182016,0.14322436199105829,0.022308242584257943,0.0016237368034074595,0.03781127075084128,0.0028667189595226812,0.09327930163398465,0.00022898852355746223,0.14323025507806159,0.13910945659079407,0.15846472685120805,0.010299968077836506,0.683289355852681,1.3302017571042501,1.0
603118,20767794,28846,0.20481087206469786,0.2223002597194483,0.4200651258385941,0.2507271595625419,0.30140765071148146,0.02857048755395012,1.2672413834613345,-0.007046005945552047,0.6092757853819236,0.6022297794363716,0.09437560869488595,0.07323888131787132,0.037204336676297925,0.041008881347725235,0.001371643035365239,0.08723006401161337,0.12178279503350235,0.01028101492146927,0.0030063857528633037,0.09442793972243754,0.0071107215335437166,0.10180840584223823,0.0014638049664783847,0.16439781712010432,0.13530979746813745,0.09762885745110915,0.022728653799243194,0.6022297794363716,1.2672413834613345,1.0
603181,7084300,9594,0.22878477760682073,0.19994636026142315,0.4068178930875316,0.32622842059201335,0.2687774374320681,0.03283316629730531,1.242366924043307,-0.021913244780712327,0.6606721906186921,0.6387589458379798,0.08590884067586071,0.0805584179100264,0.037759552813968915,0.04281580396087122,0.003317194359358017,0.10006634388718716,0.08984656211622885,0.007859633273576782,0.00217382098443036,0.06220798102847141,0.016924749093064947,0.14411868497946162,0.005533362505822734,0.1293282328529283,0.12424657340880539,0.1314342983781037,0.021808788447694197,0.6387589458379798,1.242366924043307,1.0
603186,5673000,20544,0.19922439626300018,0.20151595275868148,0.3411598801339679,0.28891239203243435,0.2633703507844174,0.028045126035607264,1.0830601092896175,-0.05958046888771373,0.6083729948880663,0.5487925260003526,0.07598448792526,0.15413361537105588,0.05057288912392032,0.04937422880310242,0.004019037546271814,0.09293142957870615,0.09940066983959105,0.006874669487043892,0.0023091838533403843,0.05598448792526001,0.007191961924907456,0.1300017627357659,0.006046183677066808,0.11662259827251895,0.1062048298959986,0.10266173100652212,0.015670720958928255,0.5487925260003526,1.0830601092896175,1.0
603194,1023590,2956,0.17223693080237204,0.22595668187457868,0.37602946492247874,0.32910638048437363,0.27401596342285484,0.02533240848386561,1.1502525425219083,-0.022164147754472008,0.6537871608749596,0.6316230131204876,0.08741585986576657,0.1265379693041159,0.04248771480768667,0.052931349466094825,0.0038198888226731406,0.1047167322853877,0.10970212682812454,0.008792582967789838,0.002745239793276605,0.04581912679881593,0.0050801590480563505,0.11742006076651784,0.003917584188981917,0.09447141922058637,0.1167459627389873,0.14996238728397113,0.014849695678933949,0.6316230131204876,1.1502525425219083,0.9999999999999999
603200,4256380,18708,0.1702127159699087,0.2258477861469136,0.3214715321470357,0.2713907122954248,0.25245654758268765,0.029098200818535938,1.0390035664108939,-0.07458896996978659,0.5820436615151843,0.5074546915453977,0.07168955779324215,0.1712069880978672,0.05173175327390882,0.056591046852019794,0.002938177512346172,0.10476038323645916,0.110557093116686,0.007125068720368013,0.0034052410734004015,0.048753165835757145,0.0059733858349113565,0.11137962305997115,0.00410654123926905,0.12233400213326817,0.08419431535718146,0.0962949736630658,0.018648240993520315,0.5074546915453977,1.0390035664108939,1.0
603206,2756600,5828,0.1776463759703983,0.21250816222883262,0.40851048392947836,0.2761372705506784,0.279547268374084,0.05593847493288834,1.2071755060581877,0.018355945730247403,0.6675614887905391,0.6859174345207866,0.0915620692157005,0.10962780236523254,0.043169121381411886,0.04585358775302909,0.0026844663716172096,0.0792280345352971,0.11728215918160052,0.0120075455270986,0.0039904229848363925,0.06576942610462164,0.00558659217877095,0.10313429587172604,0.0031560618152796922,0.133751723137198,0.11350939563230066,0.11514184139882463,0.046107523761155046,0.6859174345207866,1.2071755060581877,0.9999999999999999
603283,5476580,13060,0.15637715508583824,0.25092886436425654,0.38745859642331526,0.26365797632829246,0.30606035153325617,0.03419579372528111,1.1822232122967253,-0.019847423026779554,0.6381099153121108,0.6182624922853313,0.08958685895211975,0.11741342224526986,0.04150108279254571,0.04317731138776389,0.003143567701010485,0.10538912971233873,0.13433201012310603,0.007690200818759153,0.003517523710052624,0.049713507334869574,0.005068856841313374,0.09821750070299347,0.003377290206661822,0.1235698191206921,0.12515840177629103,0.11457296341877596,0.024157412107556175,0.6182624922853313,1.1822232122967253,1.0
603373,681500,2220,0.11621423330887748,0.2561995597945708,0.40968451944240647,0.18987527512839325,0.4082171680117388,0.023917828319882612,1.1917828319882613,0.03727072633895817,0.6459280997798972,0.6831988261188553,0.09716801173881144,0.1467351430667645,0.03771093176815848,0.031107850330154074,0.002347762289068232,0.09273661041819516,0.15832721936903887,0.0027879677182685255,0.002347762289068232,0.02817314746881878,0.0057226705796038155,0.0805575935436537,0.0017608217168011738,0.1103448275862069,0.20645634629493764,0.07542186353631695,0.017461482024944974,0.6831988261188553,1.1917828319882613,1.0
603396,4251400,13487,0.178938702545044,0.22755798090040927,0.376666509855577,0.28884602719104296,0.27699110881121514,0.04219786423295856,1.1598297031566072,-0.029830173589876274,0.6502328644681752,0.6204026908782989,0.0889758667732982,0.12064261184550971,0.04219786423295856,0.049160276614762195,0.004836054005739286,0.09610951686503269,0.11767888225055276,0.008185538881309686,0.005584042903514137,0.06287340640730113,0.007630427623841558,0.10476548901538317,0.003669379498518135,0.11233946464693984,0.10948393470386225,0.1267347226795879,0.028108387825186997,0.6204026908782989,1.1598297031566072,1.0000000000000002
603556,4345530,14649,0.15630774612072634,0.21504166350249568,0.3819534095956074,0.2902983065356815,0.26585249670350913,0.028281935690238014,1.1352562288144368,0.01060399997238537,0.6127146746196667,0.623318674592052,0.07940527392515986,0.14070320536275208,0.04963721341240309,0.05387144951248755,0.0024853124935278323,0.09211764732955474,0.10999118634550906,0.009987274279547029,0.002945555547884838,0.04391409103147372,0.004388417523294052,0.10617807264016127,0.0018271649257973136,0.13883231734679083,0.10183567942230291,0.12026151010348565,0.02102390272302803,0.623318674592052,1.1352562288144368,0.9999999999999999
603712,24606483,38097,0.23553934952833366,0.17921362431193438,0.41240371490716493,0.34150341599000555,0.2613067458685583,0.029508768075470194,1.239560403654598,-0.0023492589331031155,0.6618276980095043,0.6594784390764011,0.09629980034123528,0.08757980569592168,0.044079602924156205,0.038912915754762675,0.0022709868777264918,0.0702081236070998,0.0981419408860665,0.008859006791015197,0.0020045530277528895,0.09042324333794471,0.010741153053038908,0.13109045286967666,0.0032845002676733606,0.11946989742499975,0.10834404900529669,0.16264104057455103,0.02194872790231745,0.6594784390764011,1.239560403654598,1.0
603801,7262787,7473,0.22739287273604472,0.19133949543061088,0.3868060566831989,0.2857772092173432,0.289155526659394,0.020848883493347663,1.1923444815330533,-0.031926311483456704,0.6166305028634325,0.5847041913799758,0.09583827806047458,0.1002688086543086,0.04401037783429419,0.04793091137052484,0.0022514772910178973,0.059034087052256934,0.12007924781492284,0.00925636398258685,0.0029697965808442406,0.10861078536380042,0.008127871573267949,0.10870193494590988,0.0019522808530664606,0.13630469955954924,0.116938029436909,0.11988799891832158,0.013675328768419065,0.5847041913799758,1.1923444815330533,1.0
603868,432300,2057,0.1739532731899144,0.18158686097617396,0.29562803608605137,0.3007170946102244,0.28128614388156375,0.012953967152440436,0.9467962063381912,-0.059912098080037,0.6079111727966691,0.5479990747166321,0.08026833217672913,0.22831367106176267,0.058524173027989825,0.058755493869997684,0.003238491788110109,0.0613000231320842,0.1133472125838538,0.004857737682165163,0.002081887578070784,0.053897756187832525,0.005783021050196623,0.1133472125838538,0.0009252833680314596,0.061531343974092066,0.10363173721952348,0.12375665047420772,0.006708304418228082,0.5479990747166321,0.9467962063381912,1.0
605133,16346498,41433,0.1486939893792542,0.2543527060046745,0.4279799869060639,0.305423400168036,0.2638392027454443,0.04055896253741933,1.2590066691960566,0.024933291522135193,0.6503805279883189,0.6753138195104541,0.091543974740033,0.08890350703863298,0.034736736883949085,0.04215477835069016,0.0031782954367351344,0.12843423710693264,0.11256619001819228,0.01002251369069999,0.003329765188849624,0.045007193589721786,0.004668889935936125,0.09559295208062302,0.0034249537729732693,0.12783349681381295,0.11186738590736682,0.1576531560460228,0.0306259481388613,0.6753138195104541,1.2590066691960566,1.0
605183,785118,1968,0.1704202425622645,0.23092070236575904,0.3335804299481097,0.24225657799209802,0.297152784676953,0.023690706365157847,1.068501804824243,-0.06776051497991381,0.5867907753993667,0.519030260419453,0.08910762458636792,0.18201085696672348,0.04279611472415611,0.03887059015332727,0.0014010632796598729,0.0671465945246447,0.1455832116955668,0.011463245015398959,0.006727651130148589,0.07705848038129301,0.0033116041155596995,0.08635644578267215,0.0036937122827396646,0.11068399909312995,0.10546185414167042,0.10556629704069961,0.011868279672609722,0.519030260419453,1.068501804824243,1.0000000000000002
605499,1051591,8624,0.16371003555564853,0.13891617558537492,0.15086093357588645,0.18262423318571575,0.1765857638568607,0.01260375944640074,0.6043480782927964,-0.151765277565137,0.38441751593537793,0.23265223837024093,0.0488923925746797,0.45629527068984044,0.052450049496429695,0.03645523782535225,0.0013122972714677095,0.06944334822188475,0.06692050426449066,0.0014359194782001747,0.0011164036207993412,0.06456407481615951,0.005148389440381289,0.09209569119553135,0.0019018801035763904,0.03788354978313812,0.05206682065555905,0.05263738468663197,0.008273178450557299,0.23265223837024093,0.6043480782927964,1.0
688027,2317154,10562,0.148747126863385,0.2472878367169381,0.22588701484666104,0.14742740447980582,0.21715129853259646,0.01600282070160205,0.8478089932736452,-0.17014794873366204,0.39658434441560636,0.22643639568194432,0.05871297289692441,0.28839861312627474,0.040775882828676904,0.044968094481419876,0.003935431136644349,0.148749284682848,0.08824920570665566,0.00786482037879226,0.0024245259486421703,0.08084961120408915,0.0057894296192657025,0.05962831991313482,0.0024797661268953206,0.10142096727278377,0.08233678037799819,0.03496616970645887,0.007163097489420211,0.22643639568194432,0.8478089932736452,0.9999999999999998
688046,2807192,5298,0.2178258558730575,0.1751718443198755,0.2984858178564202,0.2308256791840387,0.20253548741945687,0.011746257470098234,0.9899693359057734,-0.09451188233651281,0.456853681543692,0.3623417992071792,0.06259956568699256,0.22074656810079255,0.04707408684550255,0.03852497442283962,0.002170852581512059,0.10532802886300617,0.06332021464865958,0.0056023955611158765,0.0009212052470938931,0.09000488744624521,0.008782085443389693,0.11567822934804602,0.003360653635376561,0.13881309151636226,0.08335910048190505,0.07102007985203719,0.00529354600611572,0.3623417992071792,0.9899693359057734,1.0
688069,774561,2502,0.202091249107559,0.1520487088815471,0.23568447159100445,0.18146795410561595,0.13563941380988714,0.015528796311717217,0.825508901171115,-0.11845548639810163,0.34816496053893753,0.2297094741408359,0.04930431560587223,0.3145639917320908,0.04716219897464499,0.04352530013775545,0.004924079575398193,0.10242705222700342,0.04076760900690843,0.007433888357405033,0.0014201592902302078,0.11022114462256685,0.011602701401180799,0.0783256580178966,0.0019417450659147569,0.14015164719111858,0.036106904427152926,0.05218310759255888,0.00724281238017406,0.2297094741408359,0.825508901171115,1.0
688137,678554,1620,0.10647789269534923,0.2358692160093375,0.3194911532464623,0.12137722274129988,0.2015285445226172,0.015253023340810017,0.9813294151976113,-0.022855955458224386,0.3534118139455371,0.3305558584873127,0.04489075298355032,0.2286302932412159,0.048108182989120986,0.05673682566162752,0.004686436156886556,0.14400327755786568,0.07999215979863061,0.011243025610341992,0.0006307530424991968,0.05708904523442497,0.00848716535456279,0.03440256781332068,0.00649911429304079,0.23211859336176635,0.06494103638030282,0.018994803656009692,0.003436719848383474,0.3305558584873127,0.9813294151976113,0.9999999999999999
688220,9100269,30461,0.20208435596793897,0.16618080190816337,0.2806693955969873,0.17221260162749036,0.17153207229368714,0.01308280007986577,0.9296039490700769,-0.08759576227911509,0.369910274080909,0.2823145118017939,0.059645028075543706,0.250992470662131,0.05056059331872497,0.04669180658286035,0.002820575963194055,0.10290399107982412,0.056862494943830784,0.005319842743110121,0.0010944731413983478,0.12498465704695103,0.006824413651948091,0.06880027392596856,0.0014750113430712873,0.16429140721005062,0.057284570379183296,0.05140067837555132,0.007692739632202081,0.2823145118017939,0.9296039490700769,1.0000000000000002
688223,64869337,30268,0.18696721071775407,0.2660575827990966,0.4079403031358252,0.2749805967648475,0.2365424977289347,0.004766535535888089,1.2689053997885011,-0.045084490381025466,0.5210561655655583,0.47597167518453287,0.08835288080715238,0.07240026208376386,0.03472686949151338,0.03175529603455019,0.00015247573749674673,0.1429711852920587,0.10138070318184383,0.02049253255047142,0.0012131617747226243,0.10039116015630004,0.007146334792970059,0.07917010158435872,0.00025961418412523624,0.16794776243820714,0.09328859026260743,0.14356266659546713,0.003141283839543481,0.47597167518453287,1.2689053997885011,1.0
688267,5156536,12330,0.2429832740428846,0.15263405510986444,0.37351916092508614,0.24845012233018446,0.19334820895267676,0.02596704454308086,1.1426556510029213,-0.022098168227662918,0.49373242036902293,0.47163425214136,0.07710214764330163,0.16046179062843738,0.03627764840582903,0.03176298972798794,0.0023610811599104513,0.07132462567894415,0.07713065515299418,0.002599419455231186,0.0015793548226949255,0.1176545650025521,0.009172436690057045,0.11263123150890443,0.003525040841371029,0.18279364286412428,0.07076746870379651,0.1014564816380609,0.018501567719104453,0.47163425214136,1.1426556510029213,1.0
688275,12860879,34394,0.21808773723786687,0.1645587366151256,0.3714403968811152,0.22710275090839435,0.19406628427186043,0.01735005826584637,1.1255272676152228,-0.011206076971877255,0.45586915171194753,0.4446630747400703,0.07674634058838435,0.1744905616482357,0.037456926544445365,0.031097485638423315,0.0028681554347879334,0.09142158945745466,0.0649230118718946,0.006643091813553335,0.0015710434722230105,0.12146852481856023,0.0074715732882643555,0.08699522015563634,0.002152418975405958,0.17410023062964824,0.0842147725672561,0.10236695330078138,0.010758440383429468,0.4446630747400703,1.1255272676152228,0.9999999999999998
688361,2196727,7585,0.1290838597604527,0.1366287208196558,0.3145101780967776,0.20261598277801474,0.12567424172416508,0.006294819520131541,0.8947329367736637,0.04879759751666912,0.3408798635424429,0.389677461059112,0.0441189096323758,0.31188536399834843,0.05755608229880181,0.048341009146789744,0.00199478587917388,0.10264270435060888,0.025704149855671644,0.007839390147250887,0.000442476466124375,0.06563355391908052,0.005217307385032369,0.056148078482214675,0.002084919974125142,0.18525333370965077,0.037196702184659265,0.09028750500175943,0.0017726372007081444,0.389677461059112,0.8947329367736637,1.0
688439,2225845,5529,0.17815391458075472,0.18009519980052519,0.34278801983067103,0.22039899453915254,0.1966008414781802,0.017810314734404236,1.043825154042622,-0.0154610945506089,0.45262046548614115,0.43715937093553225,0.06840925581071458,0.20894581608333015,0.04616718594511298,0.040974551237844506,0.0028753125217613985,0.10663860241840739,0.06439352246000957,0.006737216652552177,0.0023258582695560564,0.09223508375470889,0.006549872071056161,0.07717833002747271,0.0021906287275169655,0.1573703469918166,0.07949026100200149,0.09550889662128316,0.010418515215569817,0.43715937093553225,1.043825154042622,1.0
688466,524259,1433,0.15687856574708303,0.17172237386482636,0.30551120724679975,0.16174448125830934,0.20459543851416953,0.020451723289442815,0.9396233541055089,-0.02308973236510964,0.4072433663513645,0.38415363398625485,0.059247814534419053,0.2663416364812049,0.04931913424471492,0.04662580899898714,0.0036012734163838865,0.09383148405654457,0.065107132161775,0.011353167041481406,0.0014305906050253788,0.08932798483192468,0.00769276254675647,0.05788551078760689,0.001972307580794989,0.16370725156840416,0.08247640956092313,0.04587999443023391,0.01344755168723856,0.38415363398625485,0.9396233541055089,1.0
688550,2181839,4511,0.18989210477950022,0.1586395696474396,0.3868878501117635,0.20765968524716993,0.20214232122535164,0.02614491720058171,1.1223073746504668,0.03835617568482369,0.462091840873685,0.5004480165585087,0.07364585562912754,0.18241905108488757,0.043794248796542735,0.03436825540289636,0.003998920176969978,0.06776852004203793,0.08306754073054887,0.004617205944159949,0.00318630293069287,0.10606969625164826,0.00799600703809951,0.07268959808675159,0.0031368034030008632,0.20779580894832295,0.06728452466016054,0.09598462581336203,0.015822890689918,0.5004480165585087,1.1223073746504668,1.0
688600,1330953,2832,0.1314148583759156,0.16295541615669373,0.4480646574296763,0.16618994059144088,0.22274490534226227,0.02991841184474583,1.1904995893919619,0.153694382897067,0.4487716696231948,0.6024660525202619,0.07002982073747158,0.18598928737528672,0.031858375164262,0.036113972469350906,0.0036034330288146916,0.06985896571854903,0.08731938693552665,0.0037950250685035458,0.001982038434114503,0.07003177422493506,0.003474202319691229,0.055990707410404426,0.0019181744208848848,0.2552667149027802,0.1000929409227824,0.07029023564318199,0.022414765960931754,0.6024660525202619,1.1904995893919619,1.0
