secucode,total_volume,total_trades,big_buy_non_big_sell,non_big_buy_big_sell,big_buy_big_sell,long_buy_non_long_sell,non_long_buy_long_sell,long_buy_long_sell,VolumeBigOrigin,VolumeBig,VolumeLong,VolumeLongBig,VolumeLongBigSelect,buy_big_threshold,sell_big_threshold,buy_long_threshold,sell_long_threshold,big_order_ratio_buy,big_order_ratio_sell,long_order_ratio_buy,long_order_ratio_sell,BB0_BS0_LB0_LS0,BB0_BS0_LB0_LS1,BB0_BS0_LB1_LS0,BB0_BS0_LB1_LS1,BB0_BS1_LB0_LS0,BB0_BS1_LB0_LS1,BB0_BS1_LB1_LS0,BB0_BS1_LB1_LS1,BB1_BS0_LB0_LS0,BB1_BS0_LB0_LS1,BB1_BS0_LB1_LS0,BB1_BS0_LB1_LS1,BB1_BS1_LB0_LS0,BB1_BS1_LB0_LS1,BB1_BS1_LB1_LS0,BB1_BS1_LB1_LS1,验证_复合因子,验证_传统大单
000153,6887040,8386,0.19472806895269956,0.1730670941362327,0.5487756714060031,0.25128357030015797,0.17211167642412414,0.004283407675866555,1.4653465059009385,0.1809805083170709,0.4319620620760152,0.6129425703930861,0.01940340117089489,1917.9505693713504,2353.2915577632466,1.3742529993133874,4.946466050602145,0.38528499880753636,0.46315287383734793,0.1793465299308371,0.1921058907703315,0.06371968218567048,0.010251138370039959,0.00945834494935415,0.0,0.11264926586748443,0.055806268004832266,0.0045534801598364465,5.808010407954651e-05,0.11563458321717313,0.007193220890251835,0.0717986246631354,0.0001016401821392064,0.2803178143295233,0.0988610491590001,0.16547312052783197,0.004123687389647802,0.6129425703930861,1.4653465059009385
000415,94860777,39533,0.1807739040552029,0.15635285171657406,0.5999405212546383,0.0,0.8005258063614639,0.1994741936385362,1.5370077982810535,0.2628137654828613,1.1994741936385362,1.4622879591213975,0.08948797457140795,8267.908183181804,7668.9311455276065,0.39896144813862133,-0.6469406596239118,0.40763412844964964,0.4116560847899223,0.21058356309918297,1.0,0.0,0.05151096327199597,0.0,0.011421759701588782,0.0,0.15250064839759853,0.0,0.003852203318975555,0.0,0.11647477861160678,0.0,0.06429912544359614,0.0,0.48003941608026257,0.0,0.1199011051743757,1.4622879591213975,1.5370077982810535
000567,80907700,47411,0.20964683213093438,0.185427691060307,0.5001438676417695,0.7406801330404893,0.0,0.25931986695951065,1.3953622584747805,0.10506934445052818,1.2593198669595105,1.3643892114100387,0.1000287735283539,4987.027903859131,5003.307181478909,-0.14273132439774816,0.25189864030085385,0.4210626225981312,0.36871190230115375,1.0,0.24698909535761743,0.0,0.0,0.07393301255628328,0.03084859661070578,0.0,0.0,0.10988658681435759,0.0755411042459494,0.0,0.0,0.19819730384129075,0.01144952828964363,0.0,0.0,0.35866322982855775,0.14148063781321185,1.3643892114100387,1.3953622584747805
000628,3558144,11156,0.18522465645010433,0.20647168861069143,0.4752039265414778,0.2016500737463127,0.23537552162026046,0.0323483254190949,1.3421041981437514,0.08350758148068205,0.5017222462047629,0.585229827685445,0.01522389200661918,657.7586072409647,819.7297688453356,3.4870877789209147,1.8250460250229903,0.3862495518106848,0.4315166726425242,0.20007171029042667,0.22032986733596271,0.1031121843298079,0.016300633139074754,0.013321551910209367,0.0003653590186344341,0.11504762033239802,0.08661819195625585,0.0031196039283401685,0.0016862723936973882,0.09562738326498309,0.004075158284768688,0.08400446974602489,0.0015176451543276494,0.21683889128714295,0.12838153824016116,0.10120444816173825,0.028779048852435426,0.585229827685445,1.3421041981437514
000729,22368555,41088,0.21107572661711943,0.1475004979087831,0.5124399855064398,0.0,0.7586611651937284,0.24133883480627158,1.383456195538782,0.15386376098053722,1.2413388348062715,1.3952025957868086,0.07488276287851406,2035.8013500684021,1264.964738007333,0.5045174161459185,-0.5602359153506311,0.4717679127725857,0.2633615654205608,0.2818341121495327,1.0,0.0,0.09782071305008302,0.0,0.031163076917574695,0.0,0.13802617111386944,0.0,0.009474326794913663,0.0,0.12752343635965757,0.0,0.08355229025746187,0.0,0.3952908446701184,0.0,0.11714914083632134,1.3952025957868086,1.383456195538782
000786,11852009,29722,0.18219586232173804,0.19620099849738554,0.5097885092729849,0.7350427256678593,0.0,0.26495727433214067,1.3979738793650935,0.1313916484538613,1.2649572743321407,1.396348922786002,0.10195770185459696,937.1590285489606,1069.1626757744311,-0.6762149322186959,0.18823566576527506,0.3934459323060359,0.456597806338739,1.0,0.2811721956799677,0.0,0.0,0.09085717029070768,0.02095745961718389,0.0,0.0,0.09531962049640698,0.10088137800097857,0.0,0.0,0.17465182485095987,0.007544037470778161,0.0,0.0,0.37421411002978483,0.13557439924320003,1.396348922786002,1.3979738793650935
001299,8536537,10957,0.19284049257913366,0.17964158065501268,0.5121503016972807,0.2793383312226023,0.2247786192457199,0.02164203118899385,1.3967826766287077,0.13966822846313437,0.5474010128463099,0.6870692413094444,0.03143853297888828,1733.3074902425196,2392.8992790134225,1.4306082328724763,3.9955462801486403,0.36561102491557906,0.43780231815277904,0.24641781509537283,0.20845121839919686,0.08181432353658163,0.015112685624158836,0.018033073598814134,0.00040754230901828226,0.1057403019514822,0.06827124394821929,0.005046777165026052,0.0005832575902851473,0.07518376596973692,0.0050172569977732185,0.11039851405786678,0.0022409555537567516,0.21150262688488317,0.13637743267556857,0.14585996640089535,0.01841027573593367,0.6870692413094444,1.3967826766287077
001358,508634,2101,0.19922380336351875,0.18034972101747032,0.40867893219879126,0.19149329380261643,0.22570256805482922,0.015531796930602358,1.1969313887785715,0.029105407817802187,0.44825945571865033,0.4773648635364525,0.0039179449270005575,453.85951969577275,566.8009356183038,5.530010815832494,6.895100975360994,0.3231794383626844,0.36030461684911946,0.16944312232270348,0.21608757734412185,0.170586315503879,0.03001765513119453,0.010026856246338232,0.0011167165388078657,0.09325369519143431,0.08565687704714982,0.0007864200977520182,0.0006527286811341751,0.093324473000232,0.005237557851028441,0.0994821423656303,0.0011796301466280273,0.21010785751640668,0.10479047802545642,0.08119787509289587,0.012582721564032291,0.4773648635364525,1.1969313887785715
002022,7116301,8240,0.19538254494856247,0.19279693200161152,0.5084522141488956,0.21862509750500997,0.1424196362688987,0.003119457707030661,1.4050839052479653,0.12027273719872167,0.36728364918796996,0.48755638638669163,0.005738908458200404,2114.6271746739326,2399.8161337574375,1.6516792878285242,4.938660020661323,0.3941747572815534,0.4178398058252427,0.22075242718446603,0.1571601941747573,0.07589589029469102,0.011438667363845346,0.01579500361212939,0.00023874763026465574,0.13335593871029344,0.053173692343817386,0.006140830749008509,0.0001264701984921661,0.11361225445635309,0.003147702718027245,0.07853827430852067,8.431346566144406e-05,0.3129717250577231,0.07465957384320872,0.1181509888353514,0.002669926412612395,0.48755638638669163,1.4050839052479653
002030,9756283,11419,0.16561840200822384,0.18374323500046072,0.5591253349251964,0.24120179785682724,0.15974516114384957,0.0028575431852479066,1.4676123068590774,0.2097636979165119,0.4066620453711726,0.6164257432876845,0.015615188694300893,2366.4690664473255,2446.929432367075,1.2562586397942037,2.889739742385374,0.38488484105438303,0.40397582975742186,0.23154391803135127,0.18828268675015325,0.05904851263539608,0.014627906960058456,0.017672611587835244,0.0001639968828292496,0.1166414504376308,0.060543856712643535,0.0062299340845278885,0.0003279937656584992,0.09751705644454962,0.004367031993639381,0.06356006688202874,0.00017424668800607773,0.3229884782964988,0.08020636547750819,0.15373918530243535,0.0021913058487540798,0.6164257432876845,1.4676123068590774
002046,32143358,59694,0.19605496725015475,0.18733487646188055,0.4746429106753563,0.30116072502443586,0.2521626707452283,0.03154437069082826,1.332675665062748,0.09125306696332097,0.6164121371513207,0.7076652041146416,0.024934706572972247,1746.444885842309,1573.0634665244067,0.038857684308704066,0.1221880879798194,0.3984822595235702,0.3237008744597447,0.32147284484202765,0.2468087244949241,0.07010484094412289,0.030996077012239977,0.03847479158835863,0.002391536067886871,0.08517009952724915,0.09011208474235953,0.008672429308723749,0.0033802628835481346,0.0769752805540728,0.0070308459993507835,0.10930457234741933,0.002744268349311855,0.18288201251406278,0.12402366299127801,0.14470893177993413,0.023028303390081398,0.7076652041146416,1.332675665062748
002114,75656056,70334,0.18203744324182058,0.17156347668982375,0.525768895486701,0.7361175422625784,0.0,0.2638824577374216,1.4051387109050464,0.1721679755550567,1.2638824577374215,1.4360504332924782,0.10515377909734021,2799.27519829709,3626.5087884409186,-1.3221420181023253,0.15023110004533535,0.3351437427133392,0.3978303523189354,1.0,0.25273694088207693,0.0,0.0,0.09722477470937686,0.023405409872277773,0.0,0.0,0.09398925051023015,0.07757422617959361,0.0,0.0,0.1729194950368547,0.009117948204965904,0.0,0.0,0.37198402200611674,0.15378487348058428,1.4360504332924782,1.4051387109050464
002153,80845837,72839,0.18861290285113877,0.1961582016894698,0.5016970137868695,0.7763972311895293,0.0,0.22360276881047073,1.3881651321143476,0.1169259092462609,1.2236027688104707,1.3405286780567316,0.1003394027573739,2701.734938328992,3780.7608176306826,-0.7560822951145687,0.4737952680905554,0.34762970386743364,0.43078570545998707,1.0,0.2237949450157196,0.0,0.0,0.09166495486959954,0.021866926802922456,0.0,0.0,0.12713846972726622,0.06901973196220357,0.0,0.0,0.18097085196854354,0.007642050882595229,0.0,0.0,0.37662295462412,0.12507405916274947,1.3405286780567316,1.3881651321143476
002172,15256101,18935,0.17584433925811058,0.25511105360406305,0.4706052352432643,0.20601594077018762,0.16925032155987954,0.0014027175095392985,1.3721658633487022,0.03964984238109065,0.37807169734914575,0.4177215397302364,0.006116910211855567,2206.2121126568036,2727.8284698108027,0.3072147255955535,0.5752633106432246,0.35099022973329813,0.4440454185371006,0.21246369157644573,0.1670451544758384,0.06461028279768205,0.01165435388766763,0.022141961435625,3.2773773587366785e-05,0.1838805340892801,0.06518048091055506,0.0059451625287483345,0.00010487607547957371,0.09746264789411134,0.00562397954759214,0.07275771181640708,0.0,0.2773775553793201,0.08679150721406471,0.10517110498940718,0.001265067660472358,0.4177215397302364,1.3721658633487022
002215,13056336,16163,0.1794635187084646,0.17243735148972883,0.5421965243541527,0.2623476448522771,0.2413311054494921,0.012545633016797363,1.4362939189064987,0.19029565415595923,0.5287700163353639,0.7190656704913232,0.027551374290612624,2502.847212399503,1964.311396796269,1.7934039794429273,0.6007637303829263,0.42714842541607373,0.35624574645795953,0.2208748375920312,0.21691517663800036,0.06923358896400951,0.02284431099199653,0.013426431427622574,0.00039827406402531305,0.08798027256651483,0.07787789775018045,0.00599708831022731,0.0005820928628062268,0.0961602091122655,0.007485790806854235,0.07502097066129426,0.0007965481280506261,0.2304015460386436,0.1331231059004609,0.16790315445313295,0.010768717961915196,0.7190656704913232,1.4362939189064987
002448,10420200,15493,0.16785666301990365,0.1719544730427439,0.5822153125659776,0.2499376211589029,0.24735609681196138,0.024577263392257347,1.5042417611946028,0.24240417650333002,0.546448244755379,0.788852421258709,0.03182664440221876,1918.1912405296337,1888.0519557270102,1.5939453416387495,0.9974255770327334,0.41076615245594783,0.4403278900148454,0.21945394694378106,0.26044019879945784,0.05125621389224775,0.015748258190821672,0.010671580199996162,0.0002974990883092455,0.08425941920500567,0.08046870501525882,0.006842479031112647,0.0003838697913667684,0.09184084758449934,0.004923130074278805,0.07039212299188115,0.0007005623692443523,0.2507725379551256,0.14621600353160208,0.16203143893591293,0.02319533214333698,0.788852421258709,1.5042417611946028
002495,87363489,44609,0.17864987054260162,0.20252487855653292,0.5458527417557694,0.2291561752988139,0.24306546410938326,0.005117389485211608,1.4728802326106734,0.16467799265663485,0.4824564183786204,0.6471344110352553,0.022431917754566787,4230.3595028251775,8998.454358193507,0.24708194790617666,0.22512565295156417,0.29825819901813533,0.5569952251787755,0.179582595440382,0.2906140016588581,0.041951151928009654,0.015172242033511276,0.01580172696628451,4.738821729063499e-05,0.12159984819287609,0.07458318199722999,0.006135503585485236,0.0002063447809416128,0.08640566083618753,0.009900245627781646,0.08192685619504048,0.000417107883591966,0.27270431014951796,0.14340979445086036,0.1252920885520037,0.0044465486033873946,0.6471344110352553,1.4728802326106734
002554,40386921,27603,0.1488490296153054,0.18156073348597185,0.5930127478645871,0.0,0.7931777715860043,0.2068222284139957,1.5164352588304515,0.2626029847633099,1.2068222284139958,1.4694252131773058,0.08304153218315406,3815.8773890822367,5568.83693813,0.6042884616246947,-0.4708562022053,0.3503242401188277,0.43571350940115205,0.19461652718907366,1.0,0.0,0.0654248438498196,0.0,0.011152645184315982,0.0,0.17780508694881692,0.0,0.003755646537154937,0.0,0.09161255447029497,0.0,0.057236475145010436,0.0,0.4583352863170728,0.0,0.13467746154751437,1.4694252131773058,1.5164352588304515
002673,17873730,14369,0.15808373518006594,0.22361823749155885,0.5311137630477801,0.0,0.7008111905013671,0.2991888094986329,1.4439294987671851,0.14941179037615537,1.299188809498633,1.4486005998747884,0.06270119331555306,3659.2525938414074,3980.1801047676017,1.3790061687059425,-0.11878931271295023,0.4095622520704294,0.38826640684807573,0.2461549168348528,1.0,0.0,0.06665855420217269,0.0,0.020525710078422355,0.0,0.21760779647001494,0.0,0.006010441021543908,0.0,0.06807051466034231,0.0,0.09001322051972364,0.0,0.3484743251688372,0.0,0.18263943787894302,1.4486005998747884,1.4439294987671851
002766,8912480,6020,0.18688692709548857,0.1490658043552412,0.5886076602696444,0.29462955316589773,0.11418819453171283,0.003803655099366282,1.5131680519900186,0.2526549288189146,0.41642505789634315,0.6690799867152577,0.02202875069565374,4277.716106534066,3806.2855016906583,6.237894011667778,3.4556315344377095,0.4601328903654485,0.3940199335548173,0.2538205980066445,0.1637873754152824,0.052752320341812826,0.010378704917149885,0.01230858302066316,0.0,0.10085251243200546,0.044690142362170795,0.00319776313663537,0.0003253864244295639,0.08906903577904242,0.00319776313663537,0.09453036640755436,8.976177225643143e-05,0.3447047286501625,0.05592158411575678,0.18459284060104483,0.0033885069026802863,0.6690799867152577,1.5131680519900186
002803,17615057,29590,0.19144661297434348,0.15435527685207037,0.5356905174930743,0.20466530423375864,0.18378816486372992,0.023284738732324284,1.4171829248125625,0.18988862766666043,0.43502294656213714,0.6249115742287976,0.008282164514142645,1929.8977998227654,1288.2995812166862,1.0270736386246866,0.6132333188824046,0.4433254477864143,0.32950321054410275,0.2266306184521798,0.1989861439675566,0.08160001980124162,0.01791796643065078,0.018433264223896635,0.0005563422247228607,0.08003380289941724,0.06765172545283277,0.005040460555989118,0.0016292879438312348,0.11360559321494106,0.0045819891471256665,0.07217688821557602,0.0010821423967007316,0.3130223762545872,0.09363648383312072,0.10901469123829688,0.020016966167069456,0.6249115742287976,1.4171829248125625
002825,18470292,28475,0.2156743380126313,0.16415447032456226,0.5235799195811306,0.242241108045287,0.23693870134808914,0.018054072994622933,1.4269886474994546,0.14375111124393702,0.515287955382622,0.659039066626559,0.018435853639996596,1568.4201854345847,2041.087315311197,0.4505204995739598,0.7696043731799529,0.3955750658472344,0.4270412642669008,0.2188235294117647,0.260684811237928,0.06073558555544222,0.02057731409985289,0.014666579174817593,0.0006117932515631047,0.08525652978307002,0.07462664910765894,0.003786512958214196,0.0004847784756191185,0.10650172720604525,0.010184354421684291,0.09740912596292468,0.0015791304219770863,0.25027227506744343,0.13155038371889302,0.12637888994933053,0.015378370845463623,0.659039066626559,1.4269886474994546
002830,2603600,6652,0.17533415271163005,0.17203103395298816,0.4278306959594408,0.19473037332923643,0.16027807650944845,0.013865417114764174,1.2030265785834997,0.08046550929482255,0.38273928406821317,0.4632047933630357,0.0010216623137194625,1024.1992837203154,1098.79797490656,2.052277755375388,3.3054721795541604,0.30111244738424536,0.2890859891761876,0.22790138304269392,0.1740829825616356,0.15624519895529268,0.024581348901520972,0.041288984483023504,0.0026885850361038563,0.10792748502074051,0.0557689353203257,0.006759870947918267,0.0015747426640036872,0.09191119987709326,0.0049162697803041945,0.07643263174066676,0.002074051313565832,0.2750422491934245,0.07501152250729759,0.0702488861576279,0.007528038101090797,0.4632047933630357,1.2030265785834997
002920,4324725,16783,0.16577308383770067,0.21484764927249708,0.43885056275254497,0.21807028192544034,0.2581190711548133,0.039358340703744166,1.2583218586152878,0.05822982964234724,0.554906034487742,0.6131358641300892,0.020837533022330892,513.100671425944,711.0084204251061,1.4451615366266028,1.6589551442088863,0.3182386939164631,0.413037001727939,0.21593278913185962,0.2338676041232199,0.13303897935706896,0.024001526108596502,0.022424547225546133,0.0010636514460457024,0.11233893484556821,0.09558850562752545,0.004677291619698362,0.0022429171797050678,0.0706803322754626,0.004532542531606056,0.08861788899872246,0.0019423200319095434,0.16839405973790242,0.13399649688708531,0.1023505540814734,0.03410945204608386,0.6131358641300892,1.2583218586152878
002972,4866536,8484,0.1683139711696369,0.14483114889112092,0.49811077119330877,0.23082825237499527,0.1172197226117304,0.006630178015738505,1.3093666624473754,0.18496565113255098,0.3613083310182027,0.5462739821507536,0.011447156663384389,1528.579235244002,1788.781263796441,3.0665484370192533,3.3256625644204694,0.28595002357378596,0.3152993870815653,0.19519094766619519,0.1571192833569071,0.14235793180200454,0.02343350588591146,0.022171828175112648,0.0007808428829048013,0.1013435429225223,0.03925461560337785,0.003924762911442553,0.000308227453778211,0.08547763748177348,0.004311074653511245,0.0778471586360401,0.0006781003983120643,0.3161427347912355,0.05022052646892985,0.12688450265239998,0.004863007280743428,0.5462739821507536,1.3093666624473754
300009,11295736,10829,0.17042298084870255,0.19941232691698885,0.5521340087976561,0.31714462873424093,0.21620839934644365,0.005515975231715755,1.4741033253610034,0.18229870103196466,0.5443849785441162,0.7266836795760808,0.03296289856632627,3102.6345685079523,2589.904452730443,3.78812605246857,1.1734464299839114,0.46273894173053837,0.38535414165666265,0.28922338166035644,0.22208883553421369,0.04651781875922029,0.017799105786466683,0.013713758890965582,0.0,0.10888365308820958,0.08158999112585492,0.008664242861200013,0.0002744398417243462,0.06657149210994308,0.004066932867411208,0.09933243836435271,0.0004521175069955601,0.2391580327302267,0.11275236956671084,0.19543418861772266,0.004789417882995849,0.7266836795760808,1.4741033253610034
300022,8146800,6884,0.18455111209309177,0.1932783424166544,0.5317546766828694,0.3016890067265675,0.19536505130848922,0.04173417783669662,1.4413388078754847,0.1539252221731232,0.58052241370845,0.7344476358815732,0.037032920901458245,5179.917491353114,2771.969982536501,11.004230056940319,1.891062304626724,0.5094421847762929,0.2707728065078443,0.29154561301568854,0.1481696687972109,0.06220847449305249,0.01266755044925615,0.015417096283203221,0.0001227475818726371,0.11912652820739432,0.06671331074777827,0.006628369421122404,0.000810134040359405,0.08322286050964796,0.0032159866450630925,0.09776857170913733,0.0003436932292433839,0.1966539009181519,0.11276820346639171,0.18187496931310454,0.04045760298522119,0.7344476358815732,1.4413388078754847
300037,15172866,42342,0.1805509914870401,0.20477159687563312,0.471613075604833,0.7240808031916977,0.0,0.2759191968083024,1.3285487395723392,0.08629048724215982,1.2759191968083026,1.3622096840504625,0.0943226151209666,707.5288508387871,1253.6872659787366,-0.29146030478136264,0.9807612889770576,0.30714184497661895,0.4685654905294979,1.0,0.2470596570780785,0.0,0.0,0.1199107011160581,0.023153634916435694,0.0,0.0,0.1204683413140273,0.08430325556160582,0.0,0.0,0.17058332947776642,0.00996766200927366,0.0,0.0,0.31311843128384576,0.15849464432098723,1.3622096840504625,1.3285487395723392
300050,10616395,12582,0.19087458595879297,0.19268235592213742,0.5215333453587588,0.24168317022868874,0.1524803852908638,0.003334465230428973,1.426623632598448,0.13797640347782847,0.40083248598041044,0.5388088894582389,0.013933241933820287,2263.9411893476145,2254.153264625338,1.8143269459785962,0.9006232240583509,0.4092354156731839,0.3981878874582737,0.25282149101891593,0.16269273565410905,0.060650531559912756,0.015476063202245207,0.018679504671783594,0.00010361332636926188,0.13770258171441435,0.04771826971396599,0.0070825360209374275,0.00017896847281963416,0.09956336402328662,0.005717194961189745,0.08547157486133476,0.00012245211298185496,0.30458550195240475,0.08356885741346286,0.13044955467463296,0.0029294313182582224,0.5388088894582389,1.426623632598448
300115,162561490,320685,0.1893438661272113,0.19496452696145933,0.4880476796810856,0.0,0.0,1.0,1.3604037524508419,0.10373928659241499,2.0,2.103739286592415,0.09760953593621711,1676.734593178293,1387.9600404168334,-0.5638141783775383,-1.0286079657133267,0.40533857211905766,0.34785849041894695,1.0,1.0,0.0,0.0,0.0,0.12764392723024376,0.0,0.0,0.0,0.19496452696145933,0.0,0.0,0.0,0.1893438661272113,0.0,0.0,0.0,0.4880476796810856,2.103739286592415,1.3604037524508419
300265,11282900,15087,0.20523252000815392,0.15418651233282224,0.5310953744161518,0.22997217027537248,0.2000420104760301,0.01566086733020766,1.42160978117328,0.17167634207517568,0.4613359154118179,0.6330122574869936,0.014519972702053557,1981.2599416874114,2011.006726715781,0.8378568246993745,1.1935448792200036,0.41598727381189105,0.3616358454298403,0.2524690130575993,0.20123284947305628,0.07297184234549628,0.01529553572219908,0.02086369639011247,0.0003545187850641236,0.08604055694901133,0.06318295828200196,0.004602806016183783,0.00036019108562514954,0.10653555380265711,0.006587136285883948,0.09143624422799103,0.0006735856916218348,0.28877699882122504,0.11497638018594511,0.11306942364108519,0.014272571767896551,0.6330122574869936,1.42160978117328
300271,33992299,32609,0.18813837804851033,0.18847007082398282,0.527259071238459,0.0,0.7815151014057625,0.21848489859423748,1.4311265913494111,0.15065062236596594,1.2184848985942374,1.3691355209602034,0.07017364138859805,5102.25361659095,2116.606415791523,1.470854330900031,-1.2045318149876634,0.5431935968597627,0.2554202827440277,0.2189886227728541,1.0,0.0,0.08210577342826973,0.0,0.014026706460778072,0.0,0.1763908642954688,0.0,0.012079206528514002,0.0,0.12821551140156776,0.0,0.05992286664694259,0.0,0.39480295228045625,0.0,0.1324561189580028,1.3691355209602034,1.4311265913494111
300383,39518155,32963,0.18675193717925342,0.20110435317640715,0.5141449796935105,0.0,0.7457952427181886,0.25420475728181136,1.4161462497426816,0.12628868933784987,1.2542047572818114,1.3804934466196612,0.06441532505755898,3611.1944272543933,3058.594246049132,0.34556878624319065,-0.7135358008724917,0.4217152564997118,0.37960743864332736,0.2490974729241877,1.0,0.0,0.07844022576458845,0.0,0.019558504186240475,0.0,0.19206835440571554,0.0,0.009035998770691597,0.0,0.10395186718610724,0.0,0.0828000699931462,0.0,0.3713347953617774,0.0,0.1428101843317331,1.3804934466196612,1.4161462497426816
300436,8188400,30667,0.17214535196131112,0.19947669874456547,0.4889606028039666,0.23811733672023838,0.2185768892579747,0.020455766694348104,1.34954325631381,0.11733855209808997,0.49760575936690926,0.6149443114649993,0.02269320013677885,481.6497051117642,761.2730503081843,0.28707831633157666,0.7899507197616853,0.3573222030195324,0.49519026967098184,0.18065021032380082,0.23931261616721558,0.10381820624297787,0.02322737042645694,0.011590176347027503,0.0007815934736944947,0.11940061550486053,0.07586341654047189,0.0034677104196179963,0.0007449562796150652,0.08376483806360217,0.007828147134971424,0.0785983830785013,0.0019539836842362365,0.21586634751599823,0.11165795515607445,0.14446106687509158,0.016975233256802304,0.6149443114649993,1.34954325631381
300443,6732250,21627,0.19478896357087155,0.16532630249916447,0.46623818188569943,0.26823276022132275,0.2098717367893349,0.01913030561847822,1.2925916298414348,0.10612291581566341,0.5163651082476141,0.6224880240632775,0.01331421144491069,879.2740753200285,648.7675393071604,1.0566814780970155,0.090062505490069,0.42904702455264254,0.30619133490544226,0.32029407684838396,0.19114995144957692,0.11766957555052174,0.01835196256823499,0.03634758067510862,0.0012774332503991978,0.07214675628504587,0.08671825912584946,0.004574993501429685,0.0018862935868394668,0.07889635708715512,0.004337331501355416,0.11074573879460804,0.0008095361877529801,0.2340525084481414,0.10046418359389506,0.1165644472501764,0.015157042593486577,0.6224880240632775,1.2925916298414348
300476,33896766,164523,0.23094837424903603,0.1778997441820851,0.39948536683411034,0.0,0.0,1.0,1.2078188520993418,-0.009362751597010777,2.0,1.9906372484029893,0.07989707336682207,574.4781644558649,475.1564427929846,-1.2131594303823117,-0.3928108592805235,0.42820760623134757,0.3112938616485233,1.0,1.0,0.0,0.0,0.0,0.1916665147347685,0.0,0.0,0.0,0.1778997441820851,0.0,0.0,0.0,0.23094837424903603,0.0,0.0,0.0,0.39948536683411034,1.9906372484029893,1.2078188520993418
300541,9338299,11503,0.17563230733991275,0.21542895553033803,0.4978093976215583,0.2740167133222014,0.25236962320439726,0.031334400408468396,1.3866800581133674,0.10674813475130751,0.5890551373435354,0.6958032720948429,0.028997529421578804,2568.3938073415375,2075.2886457987306,3.8691627740609555,0.9790300200720052,0.41893419108058766,0.35173433017473704,0.2767104233678171,0.211770842388942,0.07079726189962433,0.019835518224464648,0.020097129038168515,0.00039943034593345104,0.11213166337895156,0.09347141272730719,0.008172473380858762,0.0016534060432205051,0.07612639089838524,0.005519527699851975,0.09274740506809645,0.001238983673579096,0.18322394688797178,0.13354316455277349,0.15299970583507766,0.02804258034573534,0.6958032720948429,1.3866800581133674
300599,4712047,7306,0.15980315985812535,0.19387476398261733,0.5531141773416097,0.2760899880667574,0.18256375626134458,0.01028236772680748,1.4599062785239623,0.19943625350086702,0.47921847978171694,0.678654733282584,0.03224076500085844,1493.3312830547466,1798.4369402161908,2.400187607025876,4.513246003541623,0.35669312893512184,0.4512729263618943,0.20093074185600876,0.16835477689570216,0.0660755293824531,0.010175832286902062,0.016712269635680628,0.0002442675126118224,0.1301020554336576,0.057024049208337695,0.006557659547962913,0.00019099979265911396,0.08987601354570529,0.004350550832790929,0.06493992950409876,0.0006366659755303799,0.24501028958327453,0.11101332393331391,0.1878801293790151,0.009210434446006163,0.678654733282584,1.4599062785239623
300892,5571963,14622,0.192844065906396,0.1543673208167391,0.5086742320435366,0.20097297846378376,0.1620972716437636,0.017498321507160044,1.3645598508102084,0.16146284532040145,0.39806689312186744,0.5595297384422688,0.010337972452437316,889.3178186017691,846.7614243882189,1.1198575898201992,3.3797785974447985,0.4265490356996307,0.3682806729585556,0.23806592805361784,0.13322390917795104,0.11518741240744061,0.0086109688811645,0.01975964305577765,0.0005563568889456014,0.09822911602248616,0.050969469825984125,0.00427138514738881,0.0008973498208800023,0.10132874177376985,0.0030007378010227276,0.08724034958595382,0.0012742367456496032,0.30468615818159595,0.09951609513559224,0.08970160067466348,0.014770378051684838,0.5595297384422688,1.3645598508102084
300904,1562200,7793,0.13692228907950327,0.2282678274228652,0.41748815772628345,0.1436435795672769,0.19939828447061836,0.01517091281526053,1.2001664319549352,0.052298041223915015,0.37338368966841634,0.42568173089233136,0.01197029829727308,328.5688450925579,526.6421527107507,1.49389984626032,1.345204800192308,0.2785833440266906,0.4527139740793019,0.12921852944950596,0.16142692159630437,0.18256305210600435,0.020419920624759953,0.013890667008065549,0.0004480860325182435,0.16271924209448213,0.06113173729356036,0.004160798873383689,0.0002560491614389963,0.07867110485213161,0.004416848034822686,0.052810139546792985,0.0010241966457559851,0.21783382409422608,0.11342977851747535,0.0727819741390347,0.013442580975547305,0.42568173089233136,1.2001664319549352
300919,9430840,25836,0.1523917275661553,0.20828070458198847,0.48810477115506146,0.6892992564819252,0.0,0.31070074351807475,1.3368819744582667,0.1274323390069177,1.3107007435180749,1.4381330825249925,0.09762095423101229,791.3022338613764,1157.4771370586966,-0.05325753800540278,0.8467472697462992,0.3041879547917634,0.4368323269856015,1.0,0.2867703978944109,0.0,0.0,0.12423707750317045,0.026985719193624323,0.0,0.0,0.09927026648739667,0.10901043809459178,0.0,0.0,0.14565733275084722,0.006734394815308074,0.0,0.0,0.3201345797405109,0.16797019141455055,1.4381330825249925,1.3368819744582667
300989,4461088,8784,0.1820878673543315,0.12342908277083976,0.5520603942356663,0.15941402635410915,0.18831056459769455,0.016170943052457157,1.409637738596504,0.24654344411049506,0.38006647705671803,0.6266099211672131,0.012236925162650906,1586.1259460541507,1126.4591522943997,5.2368770691995294,2.646811635893888,0.4277094717668488,0.2739071038251366,0.2148224043715847,0.13148907103825136,0.11467381948080826,0.010824713612464044,0.016610297756959738,0.0003138247889304134,0.07447017409206005,0.04391529599954092,0.004034890143391029,0.0010087225358477573,0.11157143728166762,0.002257296874663759,0.06746560480313323,0.0007935283948669025,0.3353890351412032,0.13131325811102584,0.07130323365062514,0.014054867332812086,0.6266099211672131,1.409637738596504
301045,2041300,6232,0.16117180228285896,0.19492480282173125,0.47959633566844656,0.14632832018811542,0.2164307059226963,0.01376573752020771,1.3152892764414834,0.12349973056385638,0.39029050115122715,0.5137902317150835,0.0011659236760887647,582.4580333602768,1163.7725149034563,1.3805823060300382,5.045021659357487,0.2822528883183569,0.4462451861360719,0.12130937098844673,0.2390885750962773,0.13158281487287513,0.020036251408416205,0.012394062607162103,0.0002939303385097732,0.10503110762749228,0.0869054034193896,0.0020575123695684124,0.0009307794052809484,0.10552099152500857,0.008817910155293195,0.045608190858766474,0.0012247097437907215,0.28134032234360457,0.10067114093959731,0.08626855435261843,0.011316318032626267,0.5137902317150835,1.3152892764414834
301081,1946238,3938,0.1818164068320524,0.15031974506715007,0.5175430754100989,0.17333954017956693,0.1667113682910312,0.002846517229650228,1.3672223027194004,0.18540692351089644,0.34574394292989863,0.5311508664407951,0.004943074793524738,1025.9831984427854,1095.6855378914568,2.9168882689581896,3.8739230609231137,0.3844591163026917,0.36820721178263077,0.15464702894870494,0.1802945657694261,0.10620489374886319,0.02933865231282094,0.014623083096723012,0.00015414353229152857,0.10030530695629208,0.04223532784787883,0.006936458953118786,0.0008426513098603563,0.12533924422398493,0.0075530330822849,0.04825617421918594,0.0006679553065966239,0.3252531293706114,0.08758435504804654,0.1035238239105392,0.0011817670809017192,0.5311508664407951,1.3672223027194004
301086,1279600,6500,0.18220537668021256,0.16497342919662394,0.4354876523913723,0.22381994373241637,0.19478743357299155,0.01477024070021882,1.2181541106595812,0.08830884651453585,0.44814785870584556,0.5364567052203815,0.015958111909971866,405.35985364834664,393.19757484249925,2.6047258413416365,0.16652257548785565,0.38246153846153846,0.328,0.2123076923076923,0.15538461538461537,0.184002813379181,0.016723976242575805,0.01625507971241013,0.0003516723976242576,0.09397467958737106,0.06705220381369179,0.002735229759299781,0.0012113160362613317,0.08944201312910284,0.0019537355423569864,0.0901844326351985,0.0006251953735542357,0.19920287589871835,0.109057517974367,0.11464520162550797,0.012582056892778994,0.5364567052203815,1.2181541106595812
301133,7102663,15840,0.17813924157741962,0.1779245333757212,0.4977938556285157,0.20077948228713652,0.20946636493946003,0.021700452351463107,1.351651486210172,0.1417300806753749,0.45364675192952275,0.5953768326048976,0.011831900232349465,1097.2296450398599,1068.0285810061564,4.907289006425604,1.739658948191201,0.37133838383838386,0.3707070707070707,0.18061868686868687,0.21161616161616162,0.11615755949564269,0.020073034578720686,0.009386901785992099,0.0005248735579880392,0.09367838513526547,0.08041659867573613,0.0028299244945170564,0.0009996250702025424,0.09905664959748196,0.00399850028081017,0.0739014366864935,0.0011826550126339938,0.2591611061935502,0.10497823140419305,0.11466121932013387,0.01899329871063853,0.5953768326048976,1.351651486210172
301310,416430,1383,0.1743534327498019,0.14768388444636554,0.4838844463655356,0.15274115697716303,0.20606104267223782,0.019676776409000313,1.2898062099272387,0.16184712916936816,0.3981557524674015,0.5600028816367697,0.013161395672742127,651.0768711274085,568.8977173716175,24.48933712686997,15.284853592465169,0.38900939985538685,0.3152566883586406,0.16847433116413593,0.12436731742588576,0.1772686886151334,0.006483682731791658,0.0103258650913719,0.0,0.08572869389813415,0.05955382657349374,0.002401363974737651,0.0,0.10205796892635016,0.002401363974737651,0.06965396345124031,0.0002401363974737651,0.2564656725019811,0.13762216939221478,0.07035996445981317,0.01943664001152655,0.5600028816367697,1.2898062099272387
301469,633439,2224,0.14054707714554993,0.14918563587022587,0.47849911356894664,0.27367433959702514,0.14918563587022587,0.017005583805228285,1.246730940153669,0.18876640055317084,0.4568711430777076,0.6456375436308784,0.021059644259352514,618.1260032434747,550.0256355835468,4.127490661960158,2.839349408639718,0.3066546762589928,0.30800359712230213,0.19874100719424462,0.19379496402877697,0.18235536492069482,0.02525894363940332,0.022259444082224175,0.001894420772955249,0.07530322572497115,0.0707250421903293,0.0022101575684477905,0.0009472103864776245,0.06977783180385168,0.0029994995571791445,0.06713827219353402,0.000631473590985083,0.2326980182780031,0.0502021504833141,0.18206646575281912,0.013532479054810328,0.6456375436308784,1.246730940153669
301518,3999229,10699,0.1738360068903281,0.18543074177547722,0.47706445417354193,0.2092153262541355,0.24624746419872431,0.03103098122163047,1.3133956570128893,0.1177977055077366,0.5175247528961208,0.6353224584038574,0.01624763173101615,684.1862407386684,1081.4463814738986,1.68497937419429,3.466754872210604,0.31731937564258345,0.43966725862230116,0.18749415833255445,0.26329563510608467,0.12159568756877888,0.021154077448428184,0.019803817185762556,0.0011152149576830934,0.08752687080434754,0.09144262556607786,0.004535874289769353,0.0019253711152824708,0.09274287618938551,0.00600115672295835,0.07340664913162012,0.0016853248463641367,0.21164079376299783,0.12764960446125992,0.11146898564698346,0.026305070302300768,0.6353224584038574,1.3133956570128893
600037,17262300,13290,0.20323606935344654,0.1630907816455513,0.5462353220602122,0.29337927159185045,0.23353203223208957,0.015484553043337214,1.4587974951194222,0.17990847106121433,0.5578804099106145,0.7377888809718288,0.03478561952926319,3874.737252459357,4328.378036777794,1.389674393190429,0.9600837370960278,0.4325808878856283,0.336418359668924,0.2874341610233258,0.21730624529721596,0.05432648024886603,0.01704158773743939,0.015965485479918665,0.00010427347456596166,0.09490172225022159,0.06393128378026103,0.0039971498583618635,0.00026062575670681196,0.08387514989311969,0.006286705711289921,0.11189244770395602,0.0011817660450808988,0.22450079074051546,0.14627245500309924,0.1615241885496139,0.013937887766983542,0.7377888809718288,1.4587974951194222
600054,7131276,9592,0.18947534774982766,0.15890536279902784,0.5334042603315311,0.2403426820109052,0.1851489130416492,0.005952651390859084,1.4151892312119176,0.1850235497826756,0.43739689783427255,0.6224204476169481,0.01739509170588826,1829.8070231477184,2338.3263347656916,1.8406587240569898,4.456510421547905,0.3342368640533778,0.4230608840700584,0.18150542118432025,0.23644703919933277,0.08075707629321878,0.02288496476647377,0.014348624285471493,0.00022436377444934118,0.09762923213180923,0.056259356670531335,0.004939648949220308,7.712504746696103e-05,0.1030320520479084,0.005623257324495644,0.08009085611046327,0.0007291822669603589,0.2871373930836501,0.10038133428014846,0.14096355266575014,0.004921980301982422,0.6224204476169481,1.4151892312119176
600066,9055802,31101,0.2021098738687087,0.19647757316248743,0.4313072436875276,0.0,0.0,1.0,1.2612019344062513,0.03271979665633146,2.0,2.0327197966563313,0.08626144873750552,668.4864527274566,638.0000417101083,-0.07896190104344591,-0.5905336807461263,0.4008231246583711,0.3874473489598405,1.0,1.0,0.0,0.0,0.0,0.17010530928127623,0.0,0.0,0.0,0.19647757316248743,0.0,0.0,0.0,0.2021098738687087,0.0,0.0,0.0,0.4313072436875276,2.0327197966563313,1.2612019344062513
600119,10683300,11496,0.19041915887413066,0.13310540750517164,0.5958360244493742,0.24954836052530585,0.2489404023101476,0.021351080658597997,1.5151966152780507,0.27231145807007195,0.5411909241526495,0.8135023822227214,0.03123566688195594,2521.077869978862,2492.6927079814814,2.1282367005867195,2.32760439964587,0.4164926931106472,0.39126652748782187,0.2062456506610995,0.24913013221990257,0.054402197822770115,0.012889275785571874,0.013020321436260331,0.0003276141267211442,0.05775415835930845,0.07165388971572455,0.002780039875319424,0.0009173195548192038,0.10800033697453035,0.007582394952870368,0.07431224434397611,0.0005241826027538308,0.2600034633493396,0.15681484185598082,0.15943575486974998,0.01958196437430382,0.8135023822227214,1.5151966152780507
600227,69782360,28448,0.17576625382116626,0.18790135501292876,0.5699795191793456,0.30448468638779197,0.22201622301108762,0.005350922496745596,1.5036266471927862,0.20631191034525065,0.5372027543923708,0.7435146647376214,0.03822522482759253,6754.954694165376,7504.092807449128,0.19270774876510766,0.5944731672790211,0.4143349268841395,0.4596808211473566,0.3046259842519685,0.2206482002249719,0.03288739446473292,0.013120794424264242,0.02023434002518688,0.0001103430723753109,0.11794298731083329,0.06153560871257435,0.0082436306252755,0.00017912836424563457,0.07659419945097873,0.006401331224681997,0.09256580029680854,0.00020492284869700594,0.24072358687782988,0.14095848864956703,0.18344091544052107,0.004856528211427644,0.7435146647376214,1.5036266471927862
600233,9007798,27522,0.16501280335105206,0.21544643874118846,0.4922730283250135,0.0,0.0,1.0,1.3650052987422676,0.111813786232773,2.0,2.111813786232773,0.0984546056650027,662.3752662312163,978.9106534149577,-0.20366888249634485,-0.23988214975762912,0.315892740353172,0.5049778359130878,1.0,1.0,0.0,0.0,0.0,0.12726772958274596,0.0,0.0,0.0,0.21544643874118846,0.0,0.0,0.0,0.16501280335105206,0.0,0.0,0.0,0.4922730283250135,2.111813786232773,1.3650052987422676
600355,11689702,2210,0.2073106739590111,0.18806296345278947,0.5260442054040385,0.29659438709387115,0.19379450391464215,0.007305575454361455,1.4474620482198777,0.13067056799223797,0.5050000419172362,0.6356706099094742,0.01502005782525508,15265.03072021568,12532.716450496435,15.617640634763086,16.46394337257062,0.43846153846153846,0.4085972850678733,0.2746606334841629,0.2497737556561086,0.04478300644447566,0.01600554060317363,0.017793610136511605,0.0,0.092312190678599,0.08573357986371252,0.010017192910477958,0.0,0.12032796045613481,0.007656311512474826,0.07932640199040146,0.0,0.2448823759579158,0.08439907193528115,0.18945718205648013,0.007305575454361455,0.6356706099094742,1.4474620482198777
600375,32537399,18743,0.18897936494555082,0.2104131925234712,0.5232318047303044,0.0,0.8085710538817193,0.19142894611828068,1.4458561669296308,0.12383924726128237,1.1914289461182808,1.3152681933795631,0.06423625932730519,5379.1647105120155,4833.764764621905,0.7671534926115422,-0.18043186364384844,0.4464066584858347,0.4029771114549432,0.21949527823720855,1.0,0.0,0.0590920620299121,0.0,0.018283575770761517,0.0,0.20205050809377847,0.0,0.008362684429692737,0.0,0.12565226864015774,0.0,0.06332709630539307,0.0,0.421776215117871,0.0,0.10145558961243337,1.3152681933795631,1.4458561669296308
600391,4134461,6911,0.16695574102646027,0.2042720925412043,0.48609963910652443,0.18716369558208434,0.24985481783477942,0.023737072377753715,1.3434271117807133,0.1148718055388599,0.4844926581723712,0.5993644637112311,0.015573009395904325,1332.5861194651982,1728.3272761675391,8.384218528923777,5.4590594977986155,0.33410504992041673,0.4177398350455795,0.18506728403993633,0.25249602083634787,0.09997070960398466,0.026101346705169066,0.016075614209445924,0.0005248568072113874,0.11487470797281676,0.08383559549842168,0.00462212607640996,0.000939662993555871,0.08488893715529061,0.0074810235239853515,0.0730414436126015,0.001544336734582815,0.23951005947329046,0.13243685210720332,0.09342451168362696,0.02072821584240364,0.5993644637112311,1.3434271117807133
600439,15143700,9019,0.15771971182736055,0.16928095511664917,0.5953895019050827,0.16702259025205202,0.22956080746449017,0.0020140388412343085,1.517779670754175,0.2683888349610729,0.40061147539901076,0.6690003103600837,0.014823061735243042,4319.342615309758,5799.95240853921,1.8969272088937763,3.382540660474029,0.37609491074398493,0.4460583213216543,0.20589865838784788,0.22641091030047678,0.05409906429736458,0.009915674504909633,0.013529058288265087,6.603406036833799e-05,0.0961178575909454,0.07008855167495394,0.0030151151964183127,5.943065433150419e-05,0.09687989064759603,0.004232783269610465,0.056567417473933054,3.962043622100279e-05,0.3543057509063175,0.14532379801501616,0.09391099929343555,0.0018489536903134637,0.6690003103600837,1.517779670754175
600480,9087820,9241,0.2132349672418688,0.17377434852362833,0.5179661348926365,0.3793144010334712,0.17818266647006653,0.017922119936354373,1.4229415855507703,0.1309568191271394,0.5933413073762466,0.724298126503386,0.034823687088872804,3346.1141371348194,2192.9111112276382,4.916708182959115,2.5882124886910685,0.45265663889189484,0.3535331674061249,0.34022291959744616,0.2103668434152148,0.06223043590211954,0.018249041024140003,0.0138899097913471,0.0006551626242597235,0.09233776637301355,0.07383508916329769,0.006600592881461121,0.00100090010585597,0.07457696125143323,0.004460035520069719,0.1332615522754632,0.000936418194902628,0.1954356490335416,0.08163850076255912,0.22556234608519976,0.015329639011336053,0.724298126503386,1.4229415855507703
600533,24852051,13862,0.17791288131510755,0.1894189336727178,0.550012994903318,0.20561083670719973,0.18176769394204123,0.003206978772094102,1.4673578047944613,0.18268117991549265,0.3937924881934292,0.5764736681089219,0.011166885179818767,5274.536802995501,5538.717028319069,0.35187137003204727,1.6226233169739204,0.38371086423315537,0.4157408743327081,0.22240657913720963,0.19066512768720242,0.052206918455140784,0.011840109293192742,0.018451233662766908,0.00015692869775617312,0.12338619456398187,0.06035719144468197,0.005619214285372261,5.633337868170317e-05,0.1087898540044039,0.0041344273758330856,0.06485983792645525,0.00012876200841532154,0.32503152355513837,0.10543596582833345,0.11668055083260533,0.0028649546872409042,0.5764736681089219,1.4673578047944613
600577,43716459,37232,0.18380880299568636,0.19809726583756476,0.5355486133952432,0.0,0.0,1.0,1.4530032956237375,0.15364254456199206,2.0,2.153642544561992,0.10710972267904864,3394.001520898155,4049.416641091717,-0.18465944813611435,-0.5566416941102181,0.4004619681993984,0.4160131070047271,1.0,1.0,0.0,0.0,0.0,0.0825453177715057,0.0,0.0,0.0,0.19809726583756476,0.0,0.0,0.0,0.18380880299568636,0.0,0.0,0.0,0.5355486133952432,2.153642544561992,1.4530032956237375
600598,19600200,26545,0.19349129090519485,0.20962888133794552,0.49948122978336956,0.6928908888684809,0.0,0.30710911113151906,1.4020826318098796,0.09636105754022922,1.3071091111315192,1.4034701686717483,0.0998962459566739,2013.0559727045484,2334.3152810815427,-0.9580777307215516,0.9314077102228095,0.3862497645507629,0.4246374081747975,1.0,0.239480128084385,0.0,0.0,0.08006204018326343,0.01733655779022663,0.0,0.0,0.11053458638177162,0.09909429495617392,0.0,0.0,0.18646585238926133,0.0070254385159335105,0.0,0.0,0.31582840991418454,0.183652819869185,1.4034701686717483,1.4020826318098796
600710,8520508,15398,0.15305401978379693,0.2267254487643225,0.49813837390916127,0.22366518522135065,0.28834853508734454,0.011720780028608623,1.3760562163664418,0.11835890536104188,0.5354552803659124,0.6538141857269543,0.024702400373311076,1309.6127508221211,1846.8785755519898,0.4219543931141203,0.9849603115870518,0.3033510845564359,0.4416807377581504,0.20327315235744903,0.24191453435511107,0.07896524479526339,0.018246447277556692,0.02478831074391339,8.215472598582151e-05,0.1210725933242478,0.09839871049942092,0.006750301742572157,0.0005038431980816168,0.07398807676725379,0.007229615886752292,0.07135595671056233,0.00048037041922852487,0.2022395847759312,0.16447376142361464,0.12077061602430278,0.01065441168531266,0.6538141857269543,1.3760562163664418
600725,14326504,11786,0.15461189973492487,0.16396351824562364,0.6155008926113447,0.2162651823501393,0.2576985983461143,0.003713397211210774,1.5495772032032378,0.29692547463079616,0.48139057511867517,0.7783160497494713,0.02609675047031711,3739.4705957496158,4004.9302649675146,1.5924361796958129,1.5013239364174442,0.3938571186153063,0.4310198540641439,0.2303580519260139,0.27456304089597827,0.04542629520781902,0.011746061704935133,0.008737372355460899,1.3960139891769828e-05,0.07655601115247655,0.08467662452751906,0.0025703409568726605,0.000160541608755353,0.07577424331853745,0.003967471757240985,0.07487018465914644,0.0,0.3245662724137026,0.1573084403564191,0.1300872843786593,0.0035388954625636512,0.7783160497494713,1.5495772032032378
600827,7679595,9875,0.1634053618712966,0.17995740660803075,0.541823494598348,0.26886938699241303,0.18626086401691755,0.011887606052142072,1.4270097576760232,0.19846072611902066,0.4789054631136147,0.6773661892326354,0.025548560829054136,2017.4319139483032,2594.7288459954493,0.9653643614365426,3.8130468763868124,0.30896202531645567,0.4216708860759494,0.21822784810126583,0.20870886075949366,0.07586532883570032,0.015288306219273282,0.023478842308741543,0.00018125955860953606,0.10854739084548079,0.06551126719573103,0.005325801686156627,0.0005729468806623266,0.07673685917030781,0.006823276487887707,0.0794806236526796,0.00036460256042148055,0.27183256408703843,0.09863801411402555,0.16058411934483524,0.01076879705244873,0.6773661892326354,1.4270097576760232
600862,9695103,14478,0.19778479919192193,0.21381681040418032,0.47462373530224483,0.3081534048684166,0.22571085629518325,0.025479048546467223,1.360849080200592,0.06302212570614257,0.5848223582565343,0.6478444839626769,0.029463534322430613,1736.3057628920158,1852.1066596300143,2.0802794033885172,1.6503248577320053,0.397154303080536,0.40875811576184556,0.29299627020306673,0.21902196435971819,0.06908518661431447,0.022248139086299547,0.02215252380505911,0.0002888055959797436,0.12474359478181923,0.08047815479629251,0.00819609652419371,0.00039896430187487435,0.06396425081817078,0.005141358477573678,0.1278895128808843,0.0007896770152931846,0.1828636580756285,0.1178432039350175,0.14991527165827945,0.02400160163331942,0.6478444839626769,1.360849080200592
601077,53765102,37550,0.16756679825512094,0.20540794286970757,0.5412498984936363,0.0,0.0,1.0,1.455474538112101,0.16827515736880772,2.0,2.1682751573688077,0.10824997969872725,4375.6697233689865,4128.527130378066,-0.21785262799137728,-0.7388782652415196,0.3896138482023968,0.4284687083888149,1.0,1.0,0.0,0.0,0.0,0.08577536038153522,0.0,0.0,0.0,0.20540794286970757,0.0,0.0,0.0,0.16756679825512094,0.0,0.0,0.0,0.5412498984936363,2.1682751573688077,1.455474538112101
601388,74677392,41254,0.20018272732395367,0.19146697035161592,0.5364476306296289,0.0,0.7432120553968998,0.2567879446031002,1.4645449589348272,0.1447979329540593,1.2567879446031003,1.4015858775571597,0.07126633988503508,7941.37058352405,4613.773134424643,0.13742631670986283,-0.7329543269658034,0.4810442623745576,0.3553594802928201,0.2887235177194939,1.0,0.0,0.052799781759920054,0.0,0.019102889934881497,0.0,0.1801159312044534,0.0,0.011351039147162505,0.0,0.12089125983403384,0.0,0.07929146748991985,0.0,0.38940508259849244,0.0,0.1470425480311364,1.4015858775571597,1.4645449589348272
601778,48134200,20142,0.1636092424928637,0.17487981518338314,0.5896763631679762,0.0,0.6496773603799377,0.3503226396200622,1.5178417840121994,0.2511873054917294,1.350322639620062,1.6015099451117916,0.08530068018165879,9355.920095982083,6183.745012751123,0.2731307893740498,-0.17558716295199206,0.4738357660609671,0.35850461721775395,0.33705689603812927,1.0,0.0,0.05350873183723839,0.0,0.018325847318538587,0.0,0.1631729622596823,0.0,0.01170685292370082,0.0,0.0797935771239576,0.0,0.0838156653689061,0.0,0.3532020891590595,0.0,0.23647427400891674,1.6015099451117916,1.5178417840121994
601878,13066157,11927,0.17034894039617005,0.20662777892535655,0.536079124106652,0.28558060338629027,0.2681901801730991,0.005680017468028281,1.4491349675348306,0.15910240478512544,0.5651308184954459,0.7242332232805713,0.02959073582232328,3069.4997432747055,3243.697233548298,2.2106927341544567,1.3796570149722216,0.4060534920768005,0.40035214219837345,0.2925295547916492,0.2579022386182611,0.047263016968187355,0.01809568031365305,0.021585459289980978,0.0,0.10183728850036013,0.09667655149100075,0.007884338141658637,0.00022960079233702764,0.057574618152835606,0.005363091841005737,0.10740357704258413,7.653359744567588e-06,0.23387427535119928,0.14805485652743955,0.1487072289120665,0.005442763315946686,0.7242332232805713,1.4491349675348306
603118,20767794,28846,0.19173355629394243,0.19358334351737116,0.5144221384322283,0.0,0.7141772496395139,0.28582275036048604,1.41416117667577,0.12910523862091472,1.285822750360486,1.4149279889814008,0.0663331310008179,2273.969792364288,1723.7895013813175,0.24957207280443328,-0.7347669108949102,0.4442903695486376,0.36888996741315955,0.31740969285169524,1.0,0.0,0.07142005549554276,0.0,0.028840906260915337,0.0,0.18275648342813877,0.0,0.010826860089232395,0.0,0.09239532133263649,0.0,0.09933823496130595,0.0,0.3676053893831959,0.0,0.14681674904903236,1.4149279889814008,1.41416117667577
603181,7084300,9594,0.16734186863910336,0.19276428158039607,0.5432435102974182,0.25899524300213145,0.23698883446494362,0.019677314625298193,1.446593170814336,0.1831373600779188,0.5353387067176715,0.7184760667955903,0.03259037590164167,1610.4017504859326,2564.390355517115,2.0048422731704907,3.5516725779661087,0.32634980195955804,0.49770690014592456,0.21930373149885346,0.23973316656243485,0.06426887624747682,0.013494628968281975,0.018209279674773794,0.0006775545925497226,0.11254464096664456,0.07276654009570459,0.006422652908544246,0.0010304476095027032,0.0686842736755925,0.005999181288200669,0.09154327174173878,0.0011151419335714186,0.23884081701791285,0.14472848411275638,0.14282003867707466,0.01685417048967435,0.7184760667955903,1.446593170814336
603186,5673000,20544,0.15057288912392033,0.23074211175744755,0.46277102062400843,0.24019037546271813,0.23636523885069627,0.020958928256654328,1.3068570421293848,0.08145601974264055,0.5184734708267231,0.5999294905693637,0.021716904635995064,519.8410387962958,794.7829706626518,0.40656246106724936,1.8149121252748468,0.29848130841121495,0.4829147196261682,0.21485591900311526,0.23948598130841123,0.11279746166049709,0.020059933016040896,0.0222104706504495,0.0008461131676361713,0.1293319231447206,0.09383042481931958,0.00574651859686233,0.001833245196545038,0.058928256654327514,0.003296315882249251,0.08681473647100299,0.0015335801163405605,0.20142781597038603,0.11917856513308656,0.1254186497444033,0.016745989776132557,0.5999294905693637,1.3068570421293848
603194,1023590,2956,0.1946218700847019,0.17399544739593,0.48397014429605606,0.2777479264158501,0.16969685127834386,0.01602204007463926,1.336557606072744,0.11535282681542419,0.4794888578434725,0.5948416846588966,0.025046551842046128,786.9387308477335,915.2675387547995,10.72500186068013,8.894367965991426,0.37313937753721244,0.39140730717185385,0.21684709066305818,0.15020297699594046,0.1186998700651628,0.010062622729803926,0.018063873230492678,0.0005861721978526558,0.1139030275794019,0.05480710049922332,0.003917584188981917,0.0013677351283228638,0.09028321886692914,0.0018562119598667436,0.10082161803065681,0.0016608212272491915,0.21364706571967293,0.10297091608944987,0.1549448509657187,0.012407311521214548,0.5948416846588966,1.336557606072744
603200,4256380,18708,0.1757693157095936,0.20048609381681146,0.4336675766731354,0.23099582274139058,0.23007438245645362,0.021064143708973353,1.2435905628726758,0.057412167146730364,0.5031984926157909,0.5606106597625212,0.013889925241637258,423.5289375863513,581.3960831516879,0.5828482855985921,1.2685268550845503,0.33782339106264697,0.42329484712422494,0.21322428907419286,0.2368505452212957,0.14131773948754575,0.026804467646215798,0.02110055963048412,0.0008542470362138719,0.10406425178203074,0.09173429064134311,0.0034736090292690034,0.0012139423641686128,0.07509550369092985,0.005362538119246872,0.09367866590858899,0.0016326079908278866,0.19738815613267613,0.10617308604964783,0.11274298817304845,0.01736334631776298,0.5606106597625212,1.2435905628726758
603206,2756600,5828,0.1867880722629326,0.14735543785823116,0.5497351810200972,0.22317347457012263,0.18925487919901327,0.03272146847565842,1.433613872161358,0.2155916708989335,0.47787129072045276,0.6934629616193863,0.020336646593629826,1196.254027556288,1035.2219590871734,7.6218849026982225,3.111815408056975,0.45367192862045297,0.35981468771448183,0.21791352093342484,0.19698009608785175,0.08749909308568526,0.014256693027642748,0.01407531016469564,0.000290212580715374,0.08071537401146339,0.06141623739389102,0.004026699557425815,0.0011971268954509178,0.10701588913879417,0.004715954436624828,0.07414931437277807,0.0009069143147355438,0.27961982151926285,0.10886599434085467,0.1309221504752231,0.030327214684756583,0.6934629616193863,1.433613872161358
603283,5476580,13060,0.17754218873822714,0.1841879421098569,0.5221134357573523,0.2386241048245438,0.23762274996439384,0.023459166121922805,1.4059570023627885,0.16038330490926822,0.5231651870327833,0.6835484919420515,0.027563771550858384,971.2463326340219,1089.9275805143593,4.149337356807589,2.7612993019197347,0.42511485451761105,0.41500765696784075,0.241271056661562,0.20099540581929556,0.08725372403945528,0.012924124179688783,0.015357759769783331,0.0006208254056363643,0.10397510855314814,0.07522943150652414,0.003873220148340753,0.0011101819018438513,0.0838092386124187,0.003860073257397865,0.08835002866752609,0.0015228482008844935,0.22525590788411745,0.14560912102078305,0.13104309623889362,0.020205310613558097,0.6835484919420515,1.4059570023627885
603373,681500,2220,0.10066030814380043,0.24622157006603082,0.47703595011005134,0.08774761555392517,0.36683785766691124,0.010271460014673514,1.3009537784299339,0.1301540719002201,0.47512839325018347,0.6052824651504036,0.017490829053558324,507.94542444416993,1063.6258123376792,12.893186501299734,8.473751683048622,0.22207207207207208,0.4945945945945946,0.0936936936936937,0.30495495495495495,0.14497432134996333,0.023037417461482024,0.007923697725605283,0.0001467351430667645,0.12164343360234776,0.1210564930300807,0.002347762289068232,0.001173881144534116,0.06206896551724138,0.002054292002934703,0.03550990462215701,0.0010271460014673515,0.20645634629493764,0.2206896551724138,0.04196625091709465,0.007923697725605283,0.6052824651504036,1.3009537784299339
603396,4251400,13487,0.1801477160464788,0.19047372630192408,0.49367737686409185,0.25656489626946416,0.23027708519546503,0.031551959354565555,1.3579761960765866,0.12305593451568897,0.5499459001740603,0.6730018346897493,0.025846544667638898,722.8922073778215,744.1559201618586,1.3095927210835354,1.1305366182816097,0.39638170089716024,0.41462148735819676,0.23318751390227627,0.22569882108697265,0.09777955497012748,0.017735334242837655,0.019410076680622855,0.0007762148939172978,0.10147245613209767,0.08209060544761726,0.0050195229806651925,0.001891141741543962,0.08691254645528532,0.004713741355788681,0.0870866067648304,0.001434821470574399,0.19544150162299478,0.12573740414922144,0.14504868984334574,0.027449781248529898,0.6730018346897493,1.3579761960765866
603556,4345530,14649,0.18820258978766688,0.16045683725575477,0.46346245452223317,0.20416381891276783,0.26536924149643426,0.02031973084986181,1.275584336087888,0.11480302747881149,0.5101725221089257,0.6249755495877372,0.012831116112418963,679.5586314317288,853.6854817378006,2.6148347428016487,0.7755898687138614,0.3473957266707625,0.3273260973445286,0.19298245614035087,0.2672537374564817,0.1320276237881225,0.039857048507316716,0.015602239542702501,0.00039120659620345505,0.06811597204483688,0.08930326105216164,0.002554348951681383,0.0004832552070748562,0.09182539299003804,0.00655155987877198,0.0887578730327486,0.0010677638861082538,0.21817821991793868,0.12965737205818392,0.09724935738563535,0.018377505160475247,0.6249755495877372,1.275584336087888
603712,24606483,38097,0.18201447155207023,0.20100727113257102,0.4950225515771596,0.3761492855358484,0.2279515930821971,0.031788126730666874,1.3730668458389603,0.11200080889251829,0.6676771320793793,0.7796779409718976,0.038176963363679414,2113.6105539121177,1621.2400763297162,0.26414662932456023,0.5615387778337237,0.39407302412263434,0.37866498674436305,0.33301834790140955,0.2354516103630207,0.06379335071980827,0.02108757273438874,0.03559846403080034,0.0014763182532018086,0.0901806649897915,0.0940007558170747,0.014612368618465304,0.0022134817072395107,0.06862606086371628,0.004966374105555841,0.10652993359514239,0.001892102987655733,0.14151091807797156,0.10789689042517779,0.2194085192914404,0.026206223782569822,0.7796779409718976,1.3730668458389603
603801,7262787,7473,0.20151630496667464,0.1751479149808469,0.5201427496083804,0.2550650321976949,0.2099853678759958,0.01406030494905055,1.4169497191642821,0.14347852966085883,0.4931710099717918,0.6366495396326506,0.013776474513158657,2808.86596925335,2182.047531783495,3.524225645350718,3.6727136415873813,0.4411882778000803,0.39769838083768233,0.25893215576073864,0.21370266291984477,0.06905062753458142,0.013599324887264352,0.020474233927003503,6.884409524883492e-05,0.08428320973752913,0.08370491933743893,0.006430038496241181,0.0007297474096376501,0.10912849296007167,0.004910236249527902,0.08660063967179542,0.0008769360852796591,0.25842696474507654,0.10777088740176465,0.1415601201026548,0.012384777358884406,0.6366495396326506,1.4169497191642821
603868,432300,2057,0.1970853573907009,0.1457321304649549,0.41498959056210966,0.23918575063613232,0.22623178348369188,0.0071709461022438125,1.172796668979875,0.07217210270645386,0.47975942632431184,0.5519315290307657,0.019107101549849643,425.7617255213128,420.7900363370023,14.305796384026243,4.857841031146558,0.3762761302868255,0.30627126883811373,0.19397180359747204,0.1857073407875547,0.20680083275503122,0.023363405042794355,0.012028683784408975,0.0,0.07240342354846172,0.07124681933842239,0.0016192458940550544,0.0004626416840157298,0.08882720333102012,0.004163775156141568,0.10386305806153134,0.0002313208420078649,0.15938006014341893,0.12745778394633356,0.12167476289613695,0.006476983576220218,0.5519315290307657,1.172796668979875
605133,16346498,41433,0.17554909926272894,0.18748315388409187,0.5214014035299793,0.0,0.7032514242500136,0.2967485757499863,1.4058350602067795,0.15836915038315852,1.2967485757499864,1.455117726133145,0.06790588418387841,899.2884296052729,1119.6066551476076,0.47819340741320415,-0.4647259460312152,0.3903893032124152,0.42886105278401276,0.24410494050635967,1.0,0.0,0.09653003352767058,0.0,0.019036309795529293,0.0,0.1818719826105873,0.0,0.005611171273504576,0.0,0.08136831509721532,0.0,0.09418078416551362,0.0,0.3434810930145405,0.0,0.17792031051543883,1.455117726133145,1.4058350602067795
605183,785118,1968,0.15625931388657502,0.1738362895768534,0.5252942869734231,0.21525426751138046,0.15895699754686557,0.0052221449514595255,1.3806841774102745,0.19519868350999464,0.3846555549611651,0.5798542384711598,0.015339859740828767,949.8116263461496,761.8394835566259,26.79383095338829,9.307200686318254,0.43546747967479676,0.3709349593495935,0.24441056910569106,0.12601626016260162,0.12354830738818878,0.007132685787359353,0.013674377609480358,0.0002547387781199769,0.10854164596914094,0.06011835163631454,0.004412075637037999,0.0007642163343599307,0.08225769884272173,0.002547387781199769,0.07132685787359352,0.00012736938905998844,0.306218937790243,0.0891585723419919,0.12584095639126858,0.00407582044991963,0.5798542384711598,1.3806841774102745
605499,1051591,8624,0.23517032762737605,0.14953247032353834,0.2214710852413153,0.0,0.0,1.0,0.827644968433545,-0.16323171270959907,2.0,1.836768287290401,0.044294217048263064,180.36304470614593,210.1097899037063,-0.1586034006399455,-0.026715888654531117,0.33337198515769945,0.26310296846011133,1.0,1.0,0.0,0.0,0.0,0.3938261168077703,0.0,0.0,0.0,0.14953247032353834,0.0,0.0,0.0,0.23517032762737605,0.0,0.0,0.0,0.2214710852413153,1.836768287290401,0.827644968433545
688027,2317154,10562,0.15540917867349344,0.24895842054520329,0.273957622152002,0.1398042598808711,0.16519316368269005,0.010657470327824565,0.9522828435227007,-0.13040997706669472,0.32631236421921034,0.19590238715251562,-0.007495487999502834,409.2771965505003,557.183167862827,3.348706089519786,5.505641730574541,0.24531338761598181,0.35154326832039384,0.16814997159628858,0.14353342170043554,0.2673995772400108,0.020564019482520367,0.031859341243611776,0.0018518406631583399,0.17322370459624176,0.06771323787715447,0.006555455528635559,0.001466022543171494,0.0901178773616255,0.00440713047125914,0.059363771246969343,0.0015203995936394388,0.1536039469107362,0.07250877585175608,0.042025691861654425,0.0058192075278552914,0.19590238715251562,0.9522828435227007
688046,2807192,5298,0.1406533646433874,0.20641587750321316,0.4819866257812077,0.22915033955639658,0.21932450648192214,0.01331116646100445,1.311042493709016,0.13491738363460715,0.4750971789603276,0.6100145625949347,0.025126175908167302,1037.4168228225003,1492.2908745616157,3.9348786647856424,5.980504656684408,0.3055870139675349,0.4360135900339751,0.21328803322008305,0.22631181577953946,0.11936696884288642,0.028993741788947817,0.0219632287353341,0.0006201927050233828,0.12904781717816238,0.06655654476074312,0.008141231522460879,0.0026702840418467992,0.06721699121399605,0.004727856163739424,0.06816028258843713,0.0005482346772148111,0.222582210265632,0.11904636376849179,0.13088559671016448,0.009472455036919455,0.6100145625949347,1.311042493709016
688069,774561,2502,0.17966176969922318,0.1970135341180359,0.37429072726357254,0.13651733046202946,0.11749236018854552,0.012484491215023735,1.1252567583444042,-0.002384576553686568,0.27897867308062246,0.2765940965269359,-0.00888864789216085,716.9825422999004,579.3740488519044,7.578467717579281,10.068640836796186,0.3457234212629896,0.3489208633093525,0.13309352517985612,0.1398880895283773,0.20980529616130944,0.019077903483392528,0.018274867957462356,0.0018759013170040837,0.1482762493851356,0.0433096941364205,0.004966684354105099,0.0004609062423747129,0.12494303224665326,0.008217558074832066,0.04568394225890537,0.0008172371188324741,0.25048124034130304,0.046887204493900415,0.06759183589155664,0.009330446536812465,0.2765940965269359,1.1252567583444042
688137,678554,1620,0.11518464263713721,0.21580743758050205,0.4753564196806739,0.07533225063885851,0.19831288298352084,0.011064705240850396,1.2817049195789871,0.14436433946303462,0.29577454410408016,0.4401388835671148,-0.0030889214417717664,706.2982167601147,1153.052375879356,9.400805659241787,9.60403068690586,0.27283950617283953,0.46111111111111114,0.11296296296296296,0.204320987654321,0.16201658232064065,0.015854301942070933,0.014158047848807906,0.0016225679901673265,0.1369692021563501,0.07449665022975327,0.003040288613728605,0.0013012965806700719,0.07871444277095117,0.0055367737866109405,0.03081405459256006,0.00011937148701503491,0.3375899338888283,0.1024251570250857,0.02731985958376194,0.008021469182997964,0.4401388835671148,1.2817049195789871
688220,9100269,30461,0.1978637115012754,0.17445956817320454,0.38229298496560926,0.18354204694388704,0.17022980309702934,0.013597729913258609,1.1369092496056985,0.009969705291129283,0.3809673098674336,0.3909370151585629,-0.004199985736685366,727.448878931344,694.0093110734662,1.3936215021197835,1.1303151757763241,0.33324578969830276,0.3037654706017531,0.1992383703752339,0.18505630150027905,0.17884844942495656,0.030946337959899865,0.033489559484450405,0.002099388490603959,0.109073369149857,0.05858431217802463,0.005497529798294974,0.0013043570470279505,0.11704357310756418,0.006970233517272951,0.07267422534432773,0.0011756795321105342,0.2276650283634473,0.07372891944183188,0.07188073231681393,0.009018304843516164,0.3909370151585629,1.1369092496056985
688223,64869337,30268,0.1650224049615306,0.185040568550901,0.5853285505291969,0.0,0.68478093124337,0.31521906875662997,1.5207200745708254,0.23526557701676526,1.31521906875663,1.5504846457733954,0.08279462760656857,7846.277667478135,4478.996708623114,0.22090208464619643,-0.167948396578822,0.5425862296815118,0.35710981895070704,0.28132020615831904,1.0,0.0,0.049114422119035994,0.0,0.015494053839335525,0.0,0.17135541249635403,0.0,0.013685156054547004,0.0,0.09826224985157471,0.0,0.06676015510995588,0.0,0.3660488467764053,0.0,0.21927970375279154,1.5504846457733954,1.5207200745708254
688267,5156536,12330,0.17423634781178682,0.1923814746954157,0.47219431804606815,0.21875227866148902,0.11412409415933487,0.01652989526302153,1.3110064585993388,0.10557649553886561,0.36593616334686696,0.47151265888573257,0.0074104786624198836,1085.7048317163985,964.2228770210864,3.3247905397178767,9.59962052537079,0.35409570154095704,0.3673154906731549,0.20665044606650446,0.12481751824817518,0.13107442670816222,0.010321463866440572,0.019109727925878922,0.000682240946247636,0.13481841298111755,0.05044103250709391,0.0059177323691718626,0.0012042968380323535,0.09510939126576445,0.0017994638261034151,0.07626010949986581,0.001067383220053152,0.2895915009611103,0.05156213395969698,0.11746470886657244,0.013575974258688391,0.47151265888573257,1.3110064585993388
688275,12860879,34394,0.21244519911897158,0.15408091468709098,0.42868523994355284,0.2288415123103172,0.24500300484904647,0.02490109735112196,1.2238965936931683,0.06215912613749025,0.5236467118616076,0.5858058379990978,0.013468006347000077,1074.7230745931952,833.9127247190402,0.5833804414193242,0.12410337110818714,0.3763447112868524,0.27344885735884167,0.22524277490259928,0.2441995696923882,0.1373754468881948,0.03944458228710495,0.025156134351314557,0.0028124827237702805,0.07447959039191644,0.07194585999914936,0.0059237008605710385,0.0017317634354541396,0.11700366670116405,0.007918587835248275,0.08521898075551446,0.002303963827044792,0.17239568150823906,0.1256939747275439,0.11254269634291715,0.018052887364852745,0.5858058379990978,1.2238965936931683
688361,2196727,7585,0.13876098395476544,0.15275179847108902,0.373217518608366,0.19553408320651589,0.10401292468294877,0.004137519136424326,1.0379478196425864,0.08170473618251156,0.3078220461623133,0.38952678234482485,0.007412027074825411,627.5931326126806,584.6517901186558,2.4705837011758036,2.377406384962751,0.26249176005273567,0.2763348714568227,0.17916941331575478,0.1269611074489123,0.2681889920777593,0.032901220770719344,0.03357904737366091,0.0006004387436399698,0.11909672890623187,0.027127631244119092,0.0061587079323011,0.0003687303884369792,0.07986654691274792,0.005087568915026765,0.05265925169581837,0.001147616431172376,0.22916320507737192,0.03889650375308357,0.1031370762047355,0.0020207335731750008,0.38952678234482485,1.0379478196425864
688439,2225845,5529,0.16380340949167618,0.18220361256062304,0.4787417812111805,0.18999795583250406,0.17342043134180501,0.011385788318593612,1.3034905844746603,0.13273475915888128,0.3861899638114963,0.5189247229703775,0.009247903605147706,848.7339716767501,957.8120226688576,11.001284043130681,7.882170454606138,0.34744076686561765,0.39735937782600833,0.18538614577681317,0.17019352504973775,0.1417322410140868,0.01595888303093881,0.016820128984722654,0.0007399437067720348,0.11339648537970973,0.06243516507214114,0.004844003064004906,0.0015279590447672682,0.09270816251805494,0.0034786788837497667,0.06684068297657743,0.0007758851132940523,0.2773589355952458,0.0915477043549753,0.10149314080719907,0.008342000453760257,0.5189247229703775,1.3034905844746603
688466,524259,1433,0.17216871813359427,0.17514434659204706,0.4305810677546785,0.1690023442611381,0.18048903309242187,0.019314880621982645,1.2084752002349983,0.0832680030290372,0.38812113859752523,0.4713891416265624,0.008456507184426023,769.9448429124024,782.9467602733891,13.98313240493864,19.175777251271647,0.33705512909979063,0.33705512909979063,0.20097697138869505,0.1451500348918353,0.17502608443536496,0.02114031423399503,0.025075392124884837,0.0008640767254353287,0.1170013294955356,0.0491322037389916,0.007416181696451563,0.0015946316610682889,0.10595144766231958,0.0031186875189553255,0.06266177595425163,0.000436806998067749,0.23321488043123723,0.10709782760047992,0.07384899448555009,0.01641936523741128,0.4713891416265624,1.2084752002349983
688550,2181839,4511,0.15444448467554206,0.18229805223941822,0.46179942699713405,0.2211134735422733,0.1188992405030802,0.009630866438816063,1.2603413909092285,0.1250568900821738,0.3592744469229856,0.4843313370051594,0.007729167917522786,1361.3566990544998,1049.6404722891127,14.341841334639398,21.455735126011056,0.3152294391487475,0.31234759476834406,0.20483263134559965,0.12037242296608291,0.15909606529171033,0.013166416037113646,0.028119856689700753,0.0010756980693809213,0.12002168812639247,0.051914921311792483,0.00863675092433493,0.0017246918768983413,0.09242478478017856,0.002210062245656073,0.059346725399995144,0.000462912249712284,0.2788138813175491,0.051607840908518,0.12501014052824247,0.006367564242824517,0.4843313370051594,1.2603413909092285
688600,1330953,2832,0.1469676239506579,0.13755932778993699,0.4937379456675029,0.12774981535786764,0.1896588384413274,0.026308968085274234,1.2720028430756007,0.209210993926908,0.37002658996974347,0.5792375838966515,0.004195790535052704,1234.2099579111111,966.4842401228858,5.79196952531586,5.066318370014043,0.3167372881355932,0.24258474576271186,0.16596045197740114,0.17478813559322035,0.17701301248053086,0.02046879191075868,0.022470365219508126,0.0017829329811045167,0.07084172018095304,0.06433134753819256,0.0020466537886762344,0.0003396062821151461,0.0939139098074838,0.0037777442178649435,0.04798666819940298,0.001289301725906174,0.31451373564656304,0.10108095477451119,0.05524612815028029,0.022897127096148398,0.5792375838966515,1.2720028430756007
